#
# There is insufficient memory for the Java Runtime Environment to continue.
# Native memory allocation (mmap) failed to map 65536 bytes. Error detail: Failed to commit metaspace.
# Possible reasons:
#   The system is out of physical RAM or swap space
#   This process is running with CompressedOops enabled, and the Java Heap may be blocking the growth of the native heap
# Possible solutions:
#   Reduce memory load on the system
#   Increase physical memory or swap space
#   Check if swap backing store is full
#   Decrease Java heap size (-Xmx/-Xms)
#   Decrease number of Java threads
#   Decrease Java thread stack sizes (-Xss)
#   Set larger code cache with -XX:ReservedCodeCacheSize=
#   JVM is running with Unscaled Compressed Oops mode in which the Java heap is
#     placed in the first 4GB address space. The Java Heap base address is the
#     maximum limit for the native heap growth. Please use -XX:HeapBaseMinAddress
#     to set the Java Heap base and to place the Java Heap above 4GB virtual address.
# This output file may be truncated or incomplete.
#
#  Out of Memory Error (virtualSpaceNode.cpp:113), pid=8260, tid=17188
#
# JRE version: OpenJDK Runtime Environment Temurin-21.0.11+10 (21.0.11+10) (build 21.0.11+10-LTS)
# Java VM: OpenJDK 64-Bit Server VM Temurin-21.0.11+10 (21.0.11+10-LTS, mixed mode, sharing, tiered, compressed oops, compressed class ptrs, parallel gc, windows-amd64)
# No core dump will be written. Minidumps are not enabled by default on client versions of Windows
#

---------------  S U M M A R Y ------------

Command Line: --add-modules=ALL-SYSTEM --add-opens=java.base/java.util=ALL-UNNAMED --add-opens=java.base/java.lang=ALL-UNNAMED --add-opens=java.base/sun.nio.fs=ALL-UNNAMED -Declipse.application=org.eclipse.jdt.ls.core.id1 -Dosgi.bundles.defaultStartLevel=4 -Declipse.product=org.eclipse.jdt.ls.core.product -Djava.import.generatesMetadataFilesAtProjectRoot=false -DDetectVMInstallationsJob.disabled=true -Dfile.encoding=utf8 -XX:+UseParallelGC -XX:GCTimeRatio=4 -XX:AdaptiveSizePolicyWeight=90 -Dsun.zip.disableMemoryMapping=true -Xmx2G -Xms100m -Xlog:disable -javaagent:c:\Users\DELL\.vscode\extensions\redhat.java-1.55.0-win32-x64\lombok\lombok-1.18.39-4050.jar -XX:+HeapDumpOnOutOfMemoryError -XX:HeapDumpPath=c:\Users\DELL\AppData\Roaming\Code\User\workspaceStorage\1a6564583ea9243afe764279d878b582\redhat.java -Daether.dependencyCollector.impl=bf c:\Users\DELL\.vscode\extensions\redhat.java-1.55.0-win32-x64\server\plugins\org.eclipse.equinox.launcher_1.7.200.v20260619-2039.jar -configuration c:\Users\DELL\AppData\Roaming\Code\User\globalStorage\redhat.java\1.55.0\config_win -data c:\Users\DELL\AppData\Roaming\Code\User\workspaceStorage\1a6564583ea9243afe764279d878b582\redhat.java\jdt_ws --pipe=\\.\pipe\lsp-613944d22828b1726e3d78e7720e825a-sock

Host: Intel(R) Core(TM) i3-1005G1 CPU @ 1.20GHz, 4 cores, 3G,  Windows 10 , 64 bit Build 19041 (10.0.19041.5915)
Time: Wed Jul 15 07:40:47 2026 India Standard Time elapsed time: 11.250655 seconds (0d 0h 0m 11s)

---------------  T H R E A D  ---------------

Current thread (0x0000024860686680):  JavaThread "Start Level: Equinox Container: 5cf1add2-1d2a-47ec-9b00-02da8b6115e2" daemon [_thread_in_vm, id=17188, stack(0x00000091eb100000,0x00000091eb200000) (1024K)]

Stack: [0x00000091eb100000,0x00000091eb200000]
Native frames: (J=compiled Java code, j=interpreted, Vv=VM code, C=native code)
V  [jvm.dll+0x6d7e19]
V  [jvm.dll+0x8b5096]
V  [jvm.dll+0x8b764e]
V  [jvm.dll+0x8b7d33]
V  [jvm.dll+0x284596]
V  [jvm.dll+0x8b0dde]
V  [jvm.dll+0x6795e4]
V  [jvm.dll+0x1e849b]
V  [jvm.dll+0x1e825e]
V  [jvm.dll+0x67bee2]
V  [jvm.dll+0x67bd12]
V  [jvm.dll+0x679fbe]
V  [jvm.dll+0x3c7603]
V  [jvm.dll+0x2118db]
V  [jvm.dll+0x5b65b9]
V  [jvm.dll+0x82f046]
V  [jvm.dll+0x478ec8]
V  [jvm.dll+0x47ecf8]
C  [java.dll+0x17ec]

Java frames: (J=compiled Java code, j=interpreted, Vv=VM code)
J 1122  java.lang.ClassLoader.defineClass1(Ljava/lang/ClassLoader;Ljava/lang/String;[BIILjava/security/ProtectionDomain;Ljava/lang/String;)Ljava/lang/Class; java.base@21.0.11 (0 bytes) @ 0x000002484ed7f311 [0x000002484ed7f240+0x00000000000000d1]
J 1873 c1 java.lang.ClassLoader.defineClass(Ljava/lang/String;[BIILjava/security/ProtectionDomain;)Ljava/lang/Class; java.base@21.0.11 (43 bytes) @ 0x00000248475b4b7c [0x00000248475b4820+0x000000000000035c]
J 2954 c1 org.eclipse.osgi.internal.loader.ModuleClassLoader.defineClass(Ljava/lang/String;[BLorg/eclipse/osgi/internal/loader/classpath/ClasspathEntry;)Lorg/eclipse/osgi/internal/loader/ModuleClassLoader$DefineClassResult; (67 bytes) @ 0x00000248478397bc [0x00000248478394a0+0x000000000000031c]
J 2797 c1 org.eclipse.osgi.internal.loader.classpath.ClasspathManager.defineClass(Ljava/lang/String;[BLorg/eclipse/osgi/internal/loader/classpath/ClasspathEntry;Lorg/eclipse/osgi/storage/bundlefile/BundleEntry;Ljava/util/List;)Ljava/lang/Class; (636 bytes) @ 0x00000248477c8cf4 [0x00000248477c7240+0x0000000000001ab4]
J 2819 c1 org.eclipse.osgi.internal.loader.classpath.ClasspathManager.findClassImpl(Ljava/lang/String;Lorg/eclipse/osgi/internal/loader/classpath/ClasspathEntry;Ljava/util/List;)Ljava/lang/Class; (328 bytes) @ 0x00000248477dcea4 [0x00000248477d9b80+0x0000000000003324]
J 2502 c1 org.eclipse.osgi.internal.loader.classpath.ClasspathManager.findLocalClassImpl(Ljava/lang/String;[Lorg/eclipse/osgi/internal/loader/classpath/ClasspathEntry;Ljava/util/List;)Ljava/lang/Class; (55 bytes) @ 0x00000248477265e4 [0x0000024847726460+0x0000000000000184]
J 2611 c1 org.eclipse.osgi.internal.loader.classpath.ClasspathManager.findLocalClassImpl(Ljava/lang/String;Ljava/util/List;)Ljava/lang/Class; (132 bytes) @ 0x000002484774d594 [0x000002484774d060+0x0000000000000534]
J 2777 c1 org.eclipse.osgi.internal.loader.classpath.ClasspathManager.findLocalClass(Ljava/lang/String;)Ljava/lang/Class; (210 bytes) @ 0x00000248477b9a24 [0x00000248477b8d60+0x0000000000000cc4]
J 2499 c1 org.eclipse.osgi.internal.loader.BundleLoader.findLocalClass(Ljava/lang/String;)Ljava/lang/Class; (159 bytes) @ 0x000002484771fb4c [0x000002484771ef60+0x0000000000000bec]
J 2474 c1 org.eclipse.osgi.internal.loader.BundleLoader.findClass0(Ljava/lang/String;ZZ)Ljava/lang/Class; (490 bytes) @ 0x000002484770ddb4 [0x000002484770ac40+0x0000000000003174]
J 2428 c1 org.eclipse.osgi.internal.loader.BundleLoader.findClass(Ljava/lang/String;)Ljava/lang/Class; (8 bytes) @ 0x00000248476f204c [0x00000248476f1fc0+0x000000000000008c]
J 2464 c1 org.eclipse.osgi.internal.loader.ModuleClassLoader.loadClass(Ljava/lang/String;Z)Ljava/lang/Class; (36 bytes) @ 0x0000024847705dcc [0x0000024847705ba0+0x000000000000022c]
J 1011 c1 java.lang.ClassLoader.loadClass(Ljava/lang/String;)Ljava/lang/Class; java.base@21.0.11 (7 bytes) @ 0x00000248473d6dd4 [0x00000248473d6cc0+0x0000000000000114]
v  ~StubRoutines::call_stub 0x000002484e7710e7
J 1122  java.lang.ClassLoader.defineClass1(Ljava/lang/ClassLoader;Ljava/lang/String;[BIILjava/security/ProtectionDomain;Ljava/lang/String;)Ljava/lang/Class; java.base@21.0.11 (0 bytes) @ 0x000002484ed7f311 [0x000002484ed7f240+0x00000000000000d1]
J 1873 c1 java.lang.ClassLoader.defineClass(Ljava/lang/String;[BIILjava/security/ProtectionDomain;)Ljava/lang/Class; java.base@21.0.11 (43 bytes) @ 0x00000248475b4b7c [0x00000248475b4820+0x000000000000035c]
J 2954 c1 org.eclipse.osgi.internal.loader.ModuleClassLoader.defineClass(Ljava/lang/String;[BLorg/eclipse/osgi/internal/loader/classpath/ClasspathEntry;)Lorg/eclipse/osgi/internal/loader/ModuleClassLoader$DefineClassResult; (67 bytes) @ 0x00000248478397bc [0x00000248478394a0+0x000000000000031c]
J 2797 c1 org.eclipse.osgi.internal.loader.classpath.ClasspathManager.defineClass(Ljava/lang/String;[BLorg/eclipse/osgi/internal/loader/classpath/ClasspathEntry;Lorg/eclipse/osgi/storage/bundlefile/BundleEntry;Ljava/util/List;)Ljava/lang/Class; (636 bytes) @ 0x00000248477c8cf4 [0x00000248477c7240+0x0000000000001ab4]
J 2819 c1 org.eclipse.osgi.internal.loader.classpath.ClasspathManager.findClassImpl(Ljava/lang/String;Lorg/eclipse/osgi/internal/loader/classpath/ClasspathEntry;Ljava/util/List;)Ljava/lang/Class; (328 bytes) @ 0x00000248477dcea4 [0x00000248477d9b80+0x0000000000003324]
J 2502 c1 org.eclipse.osgi.internal.loader.classpath.ClasspathManager.findLocalClassImpl(Ljava/lang/String;[Lorg/eclipse/osgi/internal/loader/classpath/ClasspathEntry;Ljava/util/List;)Ljava/lang/Class; (55 bytes) @ 0x00000248477265e4 [0x0000024847726460+0x0000000000000184]
J 2611 c1 org.eclipse.osgi.internal.loader.classpath.ClasspathManager.findLocalClassImpl(Ljava/lang/String;Ljava/util/List;)Ljava/lang/Class; (132 bytes) @ 0x000002484774d594 [0x000002484774d060+0x0000000000000534]
J 2777 c1 org.eclipse.osgi.internal.loader.classpath.ClasspathManager.findLocalClass(Ljava/lang/String;)Ljava/lang/Class; (210 bytes) @ 0x00000248477b9a24 [0x00000248477b8d60+0x0000000000000cc4]
J 2499 c1 org.eclipse.osgi.internal.loader.BundleLoader.findLocalClass(Ljava/lang/String;)Ljava/lang/Class; (159 bytes) @ 0x000002484771fb4c [0x000002484771ef60+0x0000000000000bec]
J 2474 c1 org.eclipse.osgi.internal.loader.BundleLoader.findClass0(Ljava/lang/String;ZZ)Ljava/lang/Class; (490 bytes) @ 0x000002484770ddb4 [0x000002484770ac40+0x0000000000003174]
J 2428 c1 org.eclipse.osgi.internal.loader.BundleLoader.findClass(Ljava/lang/String;)Ljava/lang/Class; (8 bytes) @ 0x00000248476f204c [0x00000248476f1fc0+0x000000000000008c]
J 2464 c1 org.eclipse.osgi.internal.loader.ModuleClassLoader.loadClass(Ljava/lang/String;Z)Ljava/lang/Class; (36 bytes) @ 0x0000024847705dcc [0x0000024847705ba0+0x000000000000022c]
J 1011 c1 java.lang.ClassLoader.loadClass(Ljava/lang/String;)Ljava/lang/Class; java.base@21.0.11 (7 bytes) @ 0x00000248473d6dd4 [0x00000248473d6cc0+0x0000000000000114]
v  ~StubRoutines::call_stub 0x000002484e7710e7
j  org.eclipse.core.internal.resources.Workspace.startup(Lorg/eclipse/core/runtime/IProgressMonitor;)V+21
j  org.eclipse.core.internal.resources.Workspace.open(Lorg/eclipse/core/runtime/IProgressMonitor;)Lorg/eclipse/core/runtime/IStatus;+137
j  org.eclipse.core.resources.ResourcesPlugin$WorkspaceInitCustomizer.addingService(Lorg/osgi/framework/ServiceReference;)Lorg/eclipse/core/internal/resources/Workspace;+45
j  org.eclipse.core.resources.ResourcesPlugin$WorkspaceInitCustomizer.addingService(Lorg/osgi/framework/ServiceReference;)Ljava/lang/Object;+5
j  org.osgi.util.tracker.ServiceTracker$Tracked.customizerAdding(Lorg/osgi/framework/ServiceReference;Lorg/osgi/framework/ServiceEvent;)Ljava/lang/Object;+8
j  org.osgi.util.tracker.ServiceTracker$Tracked.customizerAdding(Ljava/lang/Object;Ljava/lang/Object;)Ljava/lang/Object;+9
J 2630 c1 org.osgi.util.tracker.AbstractTracked.trackAdding(Ljava/lang/Object;Ljava/lang/Object;)V (167 bytes) @ 0x000002484775778c [0x0000024847757660+0x000000000000012c]
j  org.osgi.util.tracker.AbstractTracked.trackInitial()V+90
j  org.osgi.util.tracker.ServiceTracker.open(Z)V+198
j  org.osgi.util.tracker.ServiceTracker.open()V+2
j  org.eclipse.core.resources.ResourcesPlugin.start(Lorg/osgi/framework/BundleContext;)V+106
j  org.eclipse.osgi.internal.framework.BundleContextImpl$2.run()Ljava/lang/Void;+23
j  org.eclipse.osgi.internal.framework.BundleContextImpl$2.run()Ljava/lang/Object;+1
J 1153 c1 java.security.AccessController.executePrivileged(Ljava/security/PrivilegedExceptionAction;Ljava/security/AccessControlContext;Ljava/lang/Class;)Ljava/lang/Object; java.base@21.0.11 (65 bytes) @ 0x000002484741ce44 [0x000002484741cce0+0x0000000000000164]
j  java.security.AccessController.doPrivileged(Ljava/security/PrivilegedExceptionAction;)Ljava/lang/Object;+9 java.base@21.0.11
j  org.eclipse.osgi.internal.framework.BundleContextImpl.startActivator(Lorg/osgi/framework/BundleActivator;)V+9
j  org.eclipse.osgi.internal.framework.BundleContextImpl.start()V+141
j  org.eclipse.osgi.internal.framework.EquinoxBundle.startWorker0()V+35
j  org.eclipse.osgi.internal.framework.EquinoxBundle$EquinoxModule.startWorker()V+4
j  org.eclipse.osgi.container.Module.doStart([Lorg/eclipse/osgi/container/Module$StartOptions;)Lorg/eclipse/osgi/container/ModuleContainerAdaptor$ModuleEvent;+200
j  org.eclipse.osgi.container.Module.start([Lorg/eclipse/osgi/container/Module$StartOptions;)V+460
j  org.eclipse.osgi.framework.util.SecureAction.start(Lorg/eclipse/osgi/container/Module;[Lorg/eclipse/osgi/container/Module$StartOptions;)V+8
J 2501 c1 org.eclipse.osgi.internal.hooks.EclipseLazyStarter.postFindLocalClass(Ljava/lang/String;Ljava/lang/Class;Lorg/eclipse/osgi/internal/loader/classpath/ClasspathManager;)V (394 bytes) @ 0x0000024847723294 [0x00000248477222c0+0x0000000000000fd4]
J 2777 c1 org.eclipse.osgi.internal.loader.classpath.ClasspathManager.findLocalClass(Ljava/lang/String;)Ljava/lang/Class; (210 bytes) @ 0x00000248477b9d74 [0x00000248477b8d60+0x0000000000001014]
J 2499 c1 org.eclipse.osgi.internal.loader.BundleLoader.findLocalClass(Ljava/lang/String;)Ljava/lang/Class; (159 bytes) @ 0x000002484771fb4c [0x000002484771ef60+0x0000000000000bec]
J 2474 c1 org.eclipse.osgi.internal.loader.BundleLoader.findClass0(Ljava/lang/String;ZZ)Ljava/lang/Class; (490 bytes) @ 0x000002484770ddb4 [0x000002484770ac40+0x0000000000003174]
J 2428 c1 org.eclipse.osgi.internal.loader.BundleLoader.findClass(Ljava/lang/String;)Ljava/lang/Class; (8 bytes) @ 0x00000248476f204c [0x00000248476f1fc0+0x000000000000008c]
J 2464 c1 org.eclipse.osgi.internal.loader.ModuleClassLoader.loadClass(Ljava/lang/String;Z)Ljava/lang/Class; (36 bytes) @ 0x0000024847705dcc [0x0000024847705ba0+0x000000000000022c]
J 1011 c1 java.lang.ClassLoader.loadClass(Ljava/lang/String;)Ljava/lang/Class; java.base@21.0.11 (7 bytes) @ 0x00000248473d6dd4 [0x00000248473d6cc0+0x0000000000000114]
v  ~StubRoutines::call_stub 0x000002484e7710e7
j  java.lang.Class.getDeclaredConstructors0(Z)[Ljava/lang/reflect/Constructor;+0 java.base@21.0.11
j  java.lang.Class.privateGetDeclaredConstructors(Z)[Ljava/lang/reflect/Constructor;+52 java.base@21.0.11
j  java.lang.Class.getConstructor0([Ljava/lang/Class;I)Ljava/lang/reflect/Constructor;+14 java.base@21.0.11
j  java.lang.Class.getConstructor([Ljava/lang/Class;)Ljava/lang/reflect/Constructor;+24 java.base@21.0.11
j  org.eclipse.osgi.internal.framework.BundleContextImpl.loadBundleActivator()Lorg/osgi/framework/BundleActivator;+105
j  org.eclipse.osgi.internal.framework.BundleContextImpl.start()V+18
j  org.eclipse.osgi.internal.framework.EquinoxBundle.startWorker0()V+35
j  org.eclipse.osgi.internal.framework.EquinoxBundle$EquinoxModule.startWorker()V+4
j  org.eclipse.osgi.container.Module.doStart([Lorg/eclipse/osgi/container/Module$StartOptions;)Lorg/eclipse/osgi/container/ModuleContainerAdaptor$ModuleEvent;+200
j  org.eclipse.osgi.container.Module.start([Lorg/eclipse/osgi/container/Module$StartOptions;)V+460
j  org.eclipse.osgi.container.ModuleContainer$ContainerStartLevel$2.run()V+83
j  org.eclipse.osgi.internal.framework.EquinoxContainerAdaptor$1$1.execute(Ljava/lang/Runnable;)V+1
j  org.eclipse.osgi.container.ModuleContainer$ContainerStartLevel.incStartLevel(ILjava/util/List;Z)V+193
j  org.eclipse.osgi.container.ModuleContainer$ContainerStartLevel.incStartLevel(ILjava/util/List;Ljava/util/List;Ljava/util/List;Ljava/util/List;)V+19
j  org.eclipse.osgi.container.ModuleContainer$ContainerStartLevel.doContainerStartLevel(Lorg/eclipse/osgi/container/Module;I[Lorg/osgi/framework/FrameworkListener;)V+358
j  org.eclipse.osgi.container.ModuleContainer$ContainerStartLevel.dispatchEvent(Lorg/eclipse/osgi/container/Module;[Lorg/osgi/framework/FrameworkListener;ILjava/lang/Integer;)V+32
j  org.eclipse.osgi.container.ModuleContainer$ContainerStartLevel.dispatchEvent(Ljava/lang/Object;Ljava/lang/Object;ILjava/lang/Object;)V+15
j  org.eclipse.osgi.framework.eventmgr.EventManager.dispatchEvent(Ljava/util/Set;Lorg/eclipse/osgi/framework/eventmgr/EventDispatcher;ILjava/lang/Object;)V+48
j  org.eclipse.osgi.framework.eventmgr.EventManager$EventThread.run()V+26
v  ~StubRoutines::call_stub 0x000002484e7710e7

Compiled method (n/a) 12278 1122     n 0       java.lang.ClassLoader::defineClass1 (native)
 total in heap  [0x000002484ed7f090,0x000002484ed7f518] = 1160
 relocation     [0x000002484ed7f1f0,0x000002484ed7f228] = 56
 main code      [0x000002484ed7f240,0x000002484ed7f516] = 726
 stub code      [0x000002484ed7f516,0x000002484ed7f518] = 2

[Constant Pool (empty)]

[MachCode]
[Entry Point]
  # {method} {0x0000024800434a48} 'defineClass1' '(Ljava/lang/ClassLoader;Ljava/lang/String;[BIILjava/security/ProtectionDomain;Ljava/lang/String;)Ljava/lang/Class;' in 'java/lang/ClassLoader'
  # parm0:    rdx:rdx   = 'java/lang/ClassLoader'
  # parm1:    r8:r8     = 'java/lang/String'
  # parm2:    r9:r9     = '[B'
  # parm3:    rdi       = int
  # parm4:    rsi       = int
  # parm5:    rcx:rcx   = 'java/security/ProtectionDomain'
  # parm6:    [sp+0xa0]   = 'java/lang/String'  (sp of caller)
  0x000002484ed7f240: 448b 5208 | 49bb 0000 | 0000 4802 | 0000 4d03 | d349 3bc2 | 0f84 0600 

  0x000002484ed7f258: ;   {runtime_call ic_miss_stub}
  0x000002484ed7f258: 0000 e921 | f4a3 ff90 
[Verified Entry Point]
  0x000002484ed7f260: 8984 2400 | 80ff ff55 | 488b ec48 | 81ec 9000 | 0000 6690 | 4181 7f20 | 0100 0000 

  0x000002484ed7f27c: ;   {runtime_call StubRoutines (final stubs)}
  0x000002484ed7f27c: 7405 e87d | e5a2 ff48 | 837d 1000 | 488d 4510 | 480f 4445 | 1048 8944 | 2440 4889 | 4c24 7048 
  0x000002484ed7f29c: 83f9 0048 | 8d44 2470 | 480f 4444 | 2470 4889 | 4424 3848 | 8974 2430 | 4889 7c24 | 284c 894c 
  0x000002484ed7f2bc: 2458 4983 | f900 488d | 4424 5848 | 0f44 4424 | 5848 8944 | 2420 4c89 | 4424 5049 | 83f8 004c 
  0x000002484ed7f2dc: 8d4c 2450 | 4c0f 444c | 2450 4889 | 5424 4848 | 83fa 004c | 8d44 2448 | 4c0f 4444 

  0x000002484ed7f2f8: ;   {oop(a 'java/lang/Class'{0x00000000d731ec88} = 'java/lang/ClassLoader')}
  0x000002484ed7f2f8: 2448 49be | 88ec 31d7 | 0000 0000 | 4c89 7424 | 784c 8d74 | 2478 498b | d6c5 f877 

  0x000002484ed7f314: ;   {internal_word}
  0x000002484ed7f314: 49ba 11f3 | d74e 4802 | 0000 4d89 | 97a8 0300 | 0049 89a7 | a003 0000 

  0x000002484ed7f32c: ;   {external_word}
  0x000002484ed7f32c: 49ba c66c | 3a74 fa7f | 0000 4180 | 3a00 0f84 | 4e00 0000 | 5241 5041 

  0x000002484ed7f344: ;   {metadata({method} {0x0000024800434a48} 'defineClass1' '(Ljava/lang/ClassLoader;Ljava/lang/String;[BIILjava/security/ProtectionDomain;Ljava/lang/String;)Ljava/lang/Class;' in 'java/lang/ClassLoader')}
  0x000002484ed7f344: 5148 ba40 | 4a43 0048 | 0200 0049 | 8bcf 4883 | ec20 40f6 | c40f 0f84 | 1900 0000 | 4883 ec08 
  0x000002484ed7f364: ;   {runtime_call}
  0x000002484ed7f364: 48b8 20e5 | e373 fa7f | 0000 ffd0 | 4883 c408 | e90c 0000 

  0x000002484ed7f378: ;   {runtime_call}
  0x000002484ed7f378: 0048 b820 | e5e3 73fa | 7f00 00ff | d048 83c4 | 2041 5941 | 585a 498d | 8fc0 0300 | 0041 c787 
  0x000002484ed7f398: 4c04 0000 | 0400 0000 

  0x000002484ed7f3a0: ;   {runtime_call}
  0x000002484ed7f3a0: 48b8 ac16 | 18d7 fa7f | 0000 ffd0 | c5f8 7741 | c787 4c04 | 0000 0500 | 0000 f083 | 4424 c000 
  0x000002484ed7f3c0: 493b af50 | 0400 000f | 870e 0000 | 0041 83bf | 4804 0000 | 000f 842b | 0000 00c5 | f877 4889 
  0x000002484ed7f3e0: 45f8 498b | cf4c 8be4 | 4883 ec20 | 4883 e4f0 

  0x000002484ed7f3f0: ;   {runtime_call}
  0x000002484ed7f3f0: 48b8 e053 | af73 fa7f | 0000 ffd0 | 498b e44d | 33e4 488b | 45f8 41c7 | 874c 0400 | 0008 0000 
  0x000002484ed7f410: 0041 83bf | c804 0000 | 020f 84ca 

  0x000002484ed7f41c: ;   {external_word}
  0x000002484ed7f41c: 0000 0049 | bac6 6c3a | 74fa 7f00 | 0041 803a | 000f 844c | 0000 0048 

  0x000002484ed7f434: ;   {metadata({method} {0x0000024800434a48} 'defineClass1' '(Ljava/lang/ClassLoader;Ljava/lang/String;[BIILjava/security/ProtectionDomain;Ljava/lang/String;)Ljava/lang/Class;' in 'java/lang/ClassLoader')}
  0x000002484ed7f434: 8945 f848 | ba40 4a43 | 0048 0200 | 0049 8bcf | 4883 ec20 | 40f6 c40f | 0f84 1900 | 0000 4883 
  0x000002484ed7f454: ;   {runtime_call}
  0x000002484ed7f454: ec08 48b8 | 20e5 e373 | fa7f 0000 | ffd0 4883 | c408 e90c 

  0x000002484ed7f468: ;   {runtime_call}
  0x000002484ed7f468: 0000 0048 | b820 e5e3 | 73fa 7f00 | 00ff d048 | 83c4 2048 | 8b45 f849 | c787 a003 | 0000 0000 
  0x000002484ed7f488: 0000 49c7 | 87a8 0300 | 0000 0000 | 00c5 f877 | 4885 c00f | 8425 0000 | 00a8 030f | 8508 0000 
  0x000002484ed7f4a8: 0048 8b00 | e915 0000 | 00a8 010f | 8509 0000 | 0048 8b40 | fee9 0400 | 0000 488b | 40ff 498b 
  0x000002484ed7f4c8: 8f30 0400 | 00c7 8100 | 0100 0000 | 0000 00c9 | 4983 7f08 | 000f 8501 | 0000 00c3 

  0x000002484ed7f4e4: ;   {runtime_call StubRoutines (initial stubs)}
  0x000002484ed7f4e4: e917 1a9f | ffc5 f877 | 4889 45f8 | 4c8b e448 | 83ec 2048 

  0x000002484ed7f4f8: ;   {runtime_call}
  0x000002484ed7f4f8: 83e4 f048 | b870 1ce4 | 73fa 7f00 | 00ff d049 | 8be4 4d33 | e448 8b45 | f8e9 09ff | ffff f4f4 
[/MachCode]


Compiled method (c1) 12292 1873       3       java.lang.ClassLoader::defineClass (43 bytes)
 total in heap  [0x00000248475b4610,0x00000248475b4f70] = 2400
 relocation     [0x00000248475b4770,0x00000248475b4810] = 160
 main code      [0x00000248475b4820,0x00000248475b4cc0] = 1184
 stub code      [0x00000248475b4cc0,0x00000248475b4d38] = 120
 metadata       [0x00000248475b4d38,0x00000248475b4d68] = 48
 scopes data    [0x00000248475b4d68,0x00000248475b4e58] = 240
 scopes pcs     [0x00000248475b4e58,0x00000248475b4f38] = 224
 dependencies   [0x00000248475b4f38,0x00000248475b4f48] = 16
 nul chk table  [0x00000248475b4f48,0x00000248475b4f70] = 40

[Constant Pool (empty)]

[MachCode]
[Entry Point]
  # {method} {0x0000024800434dc8} 'defineClass' '(Ljava/lang/String;[BIILjava/security/ProtectionDomain;)Ljava/lang/Class;' in 'java/lang/ClassLoader'
  # this:     rdx:rdx   = 'java/lang/ClassLoader'
  # parm0:    r8:r8     = 'java/lang/String'
  # parm1:    r9:r9     = '[B'
  # parm2:    rdi       = int
  # parm3:    rsi       = int
  # parm4:    rcx:rcx   = 'java/security/ProtectionDomain'
  #           [sp+0xc0]  (sp of caller)
  0x00000248475b4820: 448b 5208 | 49bb 0000 | 0000 4802 | 0000 4d03 | d34c 3bd0 

  0x00000248475b4834: ;   {runtime_call ic_miss_stub}
  0x00000248475b4834: 0f85 469e | 2007 660f | 1f44 0000 
[Verified Entry Point]
  0x00000248475b4840: 8984 2400 | 80ff ff55 | 4881 ecb0 | 0000 0090 | 4181 7f20 | 0100 0000 

  0x00000248475b4858: ;   {runtime_call StubRoutines (final stubs)}
  0x00000248475b4858: 7405 e8a1 | 8f1f 0748 | 8954 2478 

  0x00000248475b4864: ;   {metadata(method data for {method} {0x0000024800434dc8} 'defineClass' '(Ljava/lang/String;[BIILjava/security/ProtectionDomain;)Ljava/lang/Class;' in 'java/lang/ClassLoader')}
  0x00000248475b4864: 48bb 906b | 375c 4802 | 0000 8b83 | cc00 0000 | 83c0 0289 | 83cc 0000 | 0025 fe07 | 0000 85c0 
  0x00000248475b4884: 0f84 5803 | 0000 89b4 | 2494 0000 | 0089 bc24 | 9000 0000 | 4c89 8c24 | 8800 0000 

  0x00000248475b48a0: ;   {metadata(method data for {method} {0x0000024800434dc8} 'defineClass' '(Ljava/lang/String;[BIILjava/security/ProtectionDomain;)Ljava/lang/Class;' in 'java/lang/ClassLoader')}
  0x00000248475b48a0: 488b da48 | b890 6b37 | 5c48 0200 | 0048 8380 | 1001 0000 | 0149 8bd8 | 4c8b c34c | 8bc9 488b 
  0x00000248475b48c0: ca48 8bd1 | 4889 9c24 | 8000 0000 

  0x00000248475b48cc: ;   {optimized virtual_call}
  0x00000248475b48cc: 6666 90e8 

  0x00000248475b48d0: ; ImmutableOopMap {[120]=Oop [128]=Oop [136]=Oop }
                      ;*invokevirtual preDefineClass {reexecute=0 rethrow=0 return_oop=0}
                      ; - java.lang.ClassLoader::defineClass@4
  0x00000248475b48d0: 4cd4 ecff 

  0x00000248475b48d4: ;   {other}
  0x00000248475b48d4: 0f1f 8400 | c402 0000 | 4889 8424 | 9800 0000 | 488b 5424 

  0x00000248475b48e8: ;   {metadata(method data for {method} {0x0000024800434dc8} 'defineClass' '(Ljava/lang/String;[BIILjava/security/ProtectionDomain;)Ljava/lang/Class;' in 'java/lang/ClassLoader')}
  0x00000248475b48e8: 7849 b890 | 6b37 5c48 | 0200 0049 | 8380 4801 

  0x00000248475b48f8: ;   {metadata(method data for {method} {0x0000024800434ab0} 'defineClassSourceLocation' '(Ljava/security/ProtectionDomain;)Ljava/lang/String;' in 'java/lang/ClassLoader')}
  0x00000248475b48f8: 0000 0149 | b8a8 7237 | 5c48 0200 | 0041 8b90 | cc00 0000 | 83c2 0241 | 8990 cc00 | 0000 81e2 
  0x00000248475b4918: feff 1f00 | 85d2 0f84 | df02 0000 

  0x00000248475b4924: ; implicit exception: dispatches to 0x00000248475b4c24
  0x00000248475b4924: 483b 004c 

  0x00000248475b4928: ;   {metadata(method data for {method} {0x0000024800434ab0} 'defineClassSourceLocation' '(Ljava/security/ProtectionDomain;)Ljava/lang/String;' in 'java/lang/ClassLoader')}
  0x00000248475b4928: 8bc0 48ba | a872 375c | 4802 0000 | 4883 8210 | 0100 0001 | 448b 4010 

  0x00000248475b4940: ;   {metadata(method data for {method} {0x0000024800434ab0} 'defineClassSourceLocation' '(Ljava/security/ProtectionDomain;)Ljava/lang/String;' in 'java/lang/ClassLoader')}
  0x00000248475b4940: 4d85 c048 | baa8 7237 | 5c48 0200 | 0048 c7c6 | 5801 0000 | 7507 48c7 | c648 0100 | 0048 8b3c 
  0x00000248475b4960: 3248 8d7f | 0148 893c | 320f 850f 

  0x00000248475b496c: ;   {oop(nullptr)}
  0x00000248475b496c: 0000 0048 | bb00 0000 | 0000 0000 | 00e9 a901 | 0000 493b | 0049 8bd0 

  0x00000248475b4984: ;   {metadata(method data for {method} {0x0000024800434ab0} 'defineClassSourceLocation' '(Ljava/security/ProtectionDomain;)Ljava/lang/String;' in 'java/lang/ClassLoader')}
  0x00000248475b4984: 48be a872 | 375c 4802 | 0000 4883 | 8668 0100 | 0001 418b | 500c 4885 

  0x00000248475b499c: ;   {metadata(method data for {method} {0x0000024800434ab0} 'defineClassSourceLocation' '(Ljava/security/ProtectionDomain;)Ljava/lang/String;' in 'java/lang/ClassLoader')}
  0x00000248475b499c: d248 bea8 | 7237 5c48 | 0200 0048 | c7c7 b001 | 0000 7507 | 48c7 c7a0 | 0100 0048 | 8b1c 3e48 
  0x00000248475b49bc: 8d5b 0148 | 891c 3e0f | 850f 0000 

  0x00000248475b49c8: ;   {oop(nullptr)}
  0x00000248475b49c8: 0048 bb00 | 0000 0000 | 0000 00e9 | 4f01 0000 

  0x00000248475b49d8: ;   {metadata(method data for {method} {0x0000024800434ab0} 'defineClassSourceLocation' '(Ljava/security/ProtectionDomain;)Ljava/lang/String;' in 'java/lang/ClassLoader')}
  0x00000248475b49d8: 48be a872 | 375c 4802 | 0000 4883 | 86c0 0100 | 0001 483b | 024c 8bc2 

  0x00000248475b49f0: ;   {metadata(method data for {method} {0x0000024800434ab0} 'defineClassSourceLocation' '(Ljava/security/ProtectionDomain;)Ljava/lang/String;' in 'java/lang/ClassLoader')}
  0x00000248475b49f0: 48be a872 | 375c 4802 | 0000 4883 | 86f8 0100 

  0x00000248475b4a00: ;   {metadata(method data for {method} {0x000002480001abf0} 'toString' '()Ljava/lang/String;' in 'java/net/URL')}
  0x00000248475b4a00: 0001 49b8 | 7866 375c | 4802 0000 | 418b b0cc | 0000 0083 | c602 4189 | b0cc 0000 | 0081 e6fe 
  0x00000248475b4a20: ff1f 0085 | f60f 8408 | 0200 004c 

  0x00000248475b4a2c: ;   {metadata(method data for {method} {0x000002480001abf0} 'toString' '()Ljava/lang/String;' in 'java/net/URL')}
  0x00000248475b4a2c: 8bc2 48be | 7866 375c | 4802 0000 | 4883 8610 | 0100 0001 

  0x00000248475b4a40: ;   {metadata(method data for {method} {0x0000024800428650} 'toExternalForm' '()Ljava/lang/String;' in 'java/net/URL')}
  0x00000248475b4a40: 49b8 b002 | 375c 4802 | 0000 418b | b0cc 0000 | 0083 c602 | 4189 b0cc | 0000 0081 | e6fe ff1f 
  0x00000248475b4a60: 0085 f60f | 84eb 0100 | 008b 7238 

  0x00000248475b4a6c: ; implicit exception: dispatches to 0x00000248475b4c75
  0x00000248475b4a6c: 483b 064c 

  0x00000248475b4a70: ;   {metadata(method data for {method} {0x0000024800428650} 'toExternalForm' '()Ljava/lang/String;' in 'java/net/URL')}
  0x00000248475b4a70: 8bc6 48bf | b002 375c | 4802 0000 | 458b 4008 | 49ba 0000 | 0000 4802 | 0000 4d03 | c24c 3b87 
  0x00000248475b4a90: 2001 0000 | 750d 4883 | 8728 0100 | 0001 e960 | 0000 004c | 3b87 3001 | 0000 750d | 4883 8738 
  0x00000248475b4ab0: 0100 0001 | e94a 0000 | 0048 83bf | 2001 0000 | 0075 174c | 8987 2001 | 0000 48c7 | 8728 0100 
  0x00000248475b4ad0: 0001 0000 | 00e9 2900 | 0000 4883 | bf30 0100 | 0000 7517 | 4c89 8730 | 0100 0048 | c787 3801 
  0x00000248475b4af0: 0000 0100 | 0000 e908 | 0000 0048 | 8387 1001 | 0000 014c | 8bc2 488b | d60f 1f40 | 0048 b8ff 
  0x00000248475b4b10: ffff ffff 

  0x00000248475b4b14: ;   {virtual_call}
  0x00000248475b4b14: ffff ffe8 

  0x00000248475b4b18: ; ImmutableOopMap {[120]=Oop [128]=Oop [136]=Oop [152]=Oop }
                      ;*invokevirtual toExternalForm {reexecute=0 rethrow=0 return_oop=0}
                      ; - java.net.URL::toExternalForm@5
                      ; - java.net.URL::toString@1
                      ; - java.lang.ClassLoader::defineClassSourceLocation@22
                      ; - java.lang.ClassLoader::defineClass@12
  0x00000248475b4b18: 6482 2c07 

  0x00000248475b4b1c: ;   {other}
  0x00000248475b4b1c: 0f1f 8400 | 0c05 0001 | 488b d848 | 8b84 2498 | 0000 008b | b424 9400 | 0000 8bbc | 2490 0000 
  0x00000248475b4b3c: 004c 8b8c | 2488 0000 | 004c 8b84 | 2480 0000 | 0048 8b54 

  0x00000248475b4b50: ;   {metadata(method data for {method} {0x0000024800434dc8} 'defineClass' '(Ljava/lang/String;[BIILjava/security/ProtectionDomain;)Ljava/lang/Class;' in 'java/lang/ClassLoader')}
  0x00000248475b4b50: 2478 48b9 | 906b 375c | 4802 0000 | 4883 8180 | 0100 0001 | 4c8b da49 | 8bd3 488b | c848 891c 
  0x00000248475b4b70: 2466 0f1f 

  0x00000248475b4b74: ;   {static_call}
  0x00000248475b4b74: 4400 00e8 

  0x00000248475b4b78: ; ImmutableOopMap {[120]=Oop [152]=Oop }
                      ;*invokestatic defineClass1 {reexecute=0 rethrow=0 return_oop=0}
                      ; - java.lang.ClassLoader::defineClass@27
  0x00000248475b4b78: e4a6 7c07 

  0x00000248475b4b7c: ;   {other}
  0x00000248475b4b7c: 0f1f 8400 | 6c05 0002 | 488b 5424 

  0x00000248475b4b88: ;   {metadata(method data for {method} {0x0000024800434dc8} 'defineClass' '(Ljava/lang/String;[BIILjava/security/ProtectionDomain;)Ljava/lang/Class;' in 'java/lang/ClassLoader')}
  0x00000248475b4b88: 7849 b890 | 6b37 5c48 | 0200 0049 | 8380 9001 | 0000 014c | 8bc0 4c8b | 8c24 9800 | 0000 488b 
  0x00000248475b4ba8: 5424 7848 | 8984 24a0 | 0000 000f 

  0x00000248475b4bb4: ;   {optimized virtual_call}
  0x00000248475b4bb4: 1f40 00e8 

  0x00000248475b4bb8: ; ImmutableOopMap {[160]=Oop }
                      ;*invokevirtual postDefineClass {reexecute=0 rethrow=0 return_oop=0}
                      ; - java.lang.ClassLoader::defineClass@37
  0x00000248475b4bb8: 64fa f6ff 

  0x00000248475b4bbc: ;   {other}
  0x00000248475b4bbc: 0f1f 8400 | ac05 0003 | 488b 8424 | a000 0000 | 4881 c4b0 | 0000 005d 

  0x00000248475b4bd4: ;   {poll_return}
  0x00000248475b4bd4: 493b a750 | 0400 000f | 8799 0000 

  0x00000248475b4be0: ;   {metadata({method} {0x0000024800434dc8} 'defineClass' '(Ljava/lang/String;[BIILjava/security/ProtectionDomain;)Ljava/lang/Class;' in 'java/lang/ClassLoader')}
  0x00000248475b4be0: 00c3 49ba | c04d 4300 | 4802 0000 | 4c89 5424 | 0848 c704 | 24ff ffff 

  0x00000248475b4bf8: ;   {runtime_call counter_overflow Runtime1 stub}
  0x00000248475b4bf8: ffe8 8238 

  0x00000248475b4bfc: ; ImmutableOopMap {rdx=Oop r8=Oop r9=Oop rcx=Oop [120]=Oop }
                      ;*synchronization entry
                      ; - java.lang.ClassLoader::defineClass@-1
  0x00000248475b4bfc: 2c07 e987 

  0x00000248475b4c00: ;   {metadata({method} {0x0000024800434ab0} 'defineClassSourceLocation' '(Ljava/security/ProtectionDomain;)Ljava/lang/String;' in 'java/lang/ClassLoader')}
  0x00000248475b4c00: fcff ff49 | baa8 4a43 | 0048 0200 | 004c 8954 | 2408 48c7 | 0424 ffff 

  0x00000248475b4c18: ;   {runtime_call counter_overflow Runtime1 stub}
  0x00000248475b4c18: ffff e861 

  0x00000248475b4c1c: ; ImmutableOopMap {rax=Oop [120]=Oop [128]=Oop [136]=Oop [152]=Oop }
                      ;*synchronization entry
                      ; - java.lang.ClassLoader::defineClassSourceLocation@-1
                      ; - java.lang.ClassLoader::defineClass@12
  0x00000248475b4c1c: 382c 07e9 | 00fd ffff 

  0x00000248475b4c24: ;   {runtime_call throw_null_pointer_exception Runtime1 stub}
  0x00000248475b4c24: e8f7 e722 

  0x00000248475b4c28: ; ImmutableOopMap {rax=Oop [120]=Oop [128]=Oop [136]=Oop [152]=Oop }
                      ;*invokevirtual getCodeSource {reexecute=0 rethrow=0 return_oop=0}
                      ; - java.lang.ClassLoader::defineClassSourceLocation@1
                      ; - java.lang.ClassLoader::defineClass@12
                      ;   {runtime_call throw_null_pointer_exception Runtime1 stub}
  0x00000248475b4c28: 07e8 f2e7 

  0x00000248475b4c2c: ; ImmutableOopMap {rax=Oop r8=Oop [120]=Oop [128]=Oop [136]=Oop [152]=Oop }
                      ;*invokevirtual getLocation {reexecute=0 rethrow=0 return_oop=0}
                      ; - java.lang.ClassLoader::defineClassSourceLocation@12
                      ; - java.lang.ClassLoader::defineClass@12
                      ;   {runtime_call throw_null_pointer_exception Runtime1 stub}
  0x00000248475b4c2c: 2207 e8ed 

  0x00000248475b4c30: ; ImmutableOopMap {rdx=Oop [120]=Oop [128]=Oop [136]=Oop [152]=Oop }
                      ;*invokevirtual toString {reexecute=0 rethrow=0 return_oop=0}
                      ; - java.lang.ClassLoader::defineClassSourceLocation@22
                      ; - java.lang.ClassLoader::defineClass@12
                      ;   {metadata({method} {0x000002480001abf0} 'toString' '()Ljava/lang/String;' in 'java/net/URL')}
  0x00000248475b4c30: e722 0749 | bae8 ab01 | 0048 0200 | 004c 8954 | 2408 48c7 | 0424 ffff 

  0x00000248475b4c48: ;   {runtime_call counter_overflow Runtime1 stub}
  0x00000248475b4c48: ffff e831 

  0x00000248475b4c4c: ; ImmutableOopMap {rdx=Oop [120]=Oop [128]=Oop [136]=Oop [152]=Oop }
                      ;*synchronization entry
                      ; - java.net.URL::toString@-1
                      ; - java.lang.ClassLoader::defineClassSourceLocation@22
                      ; - java.lang.ClassLoader::defineClass@12
  0x00000248475b4c4c: 382c 07e9 | d7fd ffff 

  0x00000248475b4c54: ;   {metadata({method} {0x0000024800428650} 'toExternalForm' '()Ljava/lang/String;' in 'java/net/URL')}
  0x00000248475b4c54: 49ba 4886 | 4200 4802 | 0000 4c89 | 5424 0848 | c704 24ff 

  0x00000248475b4c68: ;   {runtime_call counter_overflow Runtime1 stub}
  0x00000248475b4c68: ffff ffe8 

  0x00000248475b4c6c: ; ImmutableOopMap {rdx=Oop [120]=Oop [128]=Oop [136]=Oop [152]=Oop }
                      ;*synchronization entry
                      ; - java.net.URL::toExternalForm@-1
                      ; - java.net.URL::toString@1
                      ; - java.lang.ClassLoader::defineClassSourceLocation@22
                      ; - java.lang.ClassLoader::defineClass@12
  0x00000248475b4c6c: 1038 2c07 | e9f4 fdff 

  0x00000248475b4c74: ;   {runtime_call throw_null_pointer_exception Runtime1 stub}
  0x00000248475b4c74: ffe8 a6e7 

  0x00000248475b4c78: ; ImmutableOopMap {rdx=Oop rsi=Oop [120]=Oop [128]=Oop [136]=Oop [152]=Oop }
                      ;*invokevirtual toExternalForm {reexecute=0 rethrow=0 return_oop=0}
                      ; - java.net.URL::toExternalForm@5
                      ; - java.net.URL::toString@1
                      ; - java.lang.ClassLoader::defineClassSourceLocation@22
                      ; - java.lang.ClassLoader::defineClass@12
                      ;   {internal_word}
  0x00000248475b4c78: 2207 49ba | d44b 5b47 | 4802 0000 | 4d89 9768 

  0x00000248475b4c88: ;   {runtime_call SafepointBlob}
  0x00000248475b4c88: 0400 00e9 | f00e 2107 | 498b 8700 | 0500 0049 | c787 0005 | 0000 0000 | 0000 49c7 | 8708 0500 
  0x00000248475b4ca8: 0000 0000 | 0048 81c4 | b000 0000 

  0x00000248475b4cb4: ;   {runtime_call unwind_exception Runtime1 stub}
  0x00000248475b4cb4: 5de9 46f6 | 2207 f4f4 | f4f4 f4f4 
[Stub Code]
  0x00000248475b4cc0: ;   {no_reloc}
  0x00000248475b4cc0: 0f1f 4400 

  0x00000248475b4cc4: ;   {static_stub}
  0x00000248475b4cc4: 0048 bb00 | 0000 0000 

  0x00000248475b4ccc: ;   {runtime_call nmethod}
  0x00000248475b4ccc: 0000 00e9 | fbff ffff 

  0x00000248475b4cd4: ;   {static_stub}
  0x00000248475b4cd4: 48bb 0000 | 0000 0000 

  0x00000248475b4cdc: ;   {runtime_call nmethod}
  0x00000248475b4cdc: 0000 e9fb 

  0x00000248475b4ce0: ;   {static_stub}
  0x00000248475b4ce0: ffff ff48 | bb00 0000 | 0000 0000 

  0x00000248475b4cec: ;   {runtime_call nmethod}
  0x00000248475b4cec: 00e9 fbff 

  0x00000248475b4cf0: ;   {static_stub}
  0x00000248475b4cf0: ffff 48bb | 0000 0000 | 0000 0000 

  0x00000248475b4cfc: ;   {runtime_call nmethod}
  0x00000248475b4cfc: e9fb ffff 

  0x00000248475b4d00: ;   {runtime_call handle_exception_from_callee Runtime1 stub}
  0x00000248475b4d00: ffe8 fafa 

  0x00000248475b4d04: ;   {external_word}
  0x00000248475b4d04: 2b07 48b9 | 4063 1074 | fa7f 0000 | 4883 e4f0 

  0x00000248475b4d14: ;   {runtime_call}
  0x00000248475b4d14: 48b8 d0c4 | d273 fa7f | 0000 ffd0 

  0x00000248475b4d20: ;   {section_word}
  0x00000248475b4d20: f449 ba21 | 4d5b 4748 | 0200 0041 

  0x00000248475b4d2c: ;   {runtime_call DeoptimizationBlob}
  0x00000248475b4d2c: 52e9 ee22 | 2107 f4f4 | f4f4 f4f4 
[/MachCode]


Compiled method (c1) 12310 2954   !   3       org.eclipse.osgi.internal.loader.ModuleClassLoader::defineClass (67 bytes)
 total in heap  [0x0000024847839290,0x0000024847839e70] = 3040
 relocation     [0x00000248478393f0,0x0000024847839498] = 168
 main code      [0x00000248478394a0,0x0000024847839aa0] = 1536
 stub code      [0x0000024847839aa0,0x0000024847839b10] = 112
 oops           [0x0000024847839b10,0x0000024847839b18] = 8
 metadata       [0x0000024847839b18,0x0000024847839b58] = 64
 scopes data    [0x0000024847839b58,0x0000024847839ca8] = 336
 scopes pcs     [0x0000024847839ca8,0x0000024847839db8] = 272
 dependencies   [0x0000024847839db8,0x0000024847839dd0] = 24
 handler table  [0x0000024847839dd0,0x0000024847839e48] = 120
 nul chk table  [0x0000024847839e48,0x0000024847839e70] = 40

[Constant Pool (empty)]

[MachCode]
[Entry Point]
  # {method} {0x000002485c5dfd38} 'defineClass' '(Ljava/lang/String;[BLorg/eclipse/osgi/internal/loader/classpath/ClasspathEntry;)Lorg/eclipse/osgi/internal/loader/ModuleClassLoader$DefineClassResult;' in 'org/eclipse/osgi/internal/loader/ModuleClassLoader'
  # this:     rdx:rdx   = 'org/eclipse/osgi/internal/loader/ModuleClassLoader'
  # parm0:    r8:r8     = 'java/lang/String'
  # parm1:    r9:r9     = '[B'
  # parm2:    rdi:rdi   = 'org/eclipse/osgi/internal/loader/classpath/ClasspathEntry'
  #           [sp+0xb0]  (sp of caller)
  0x00000248478394a0: 448b 5208 | 49bb 0000 | 0000 4802 | 0000 4d03 | d34c 3bd0 

  0x00000248478394b4: ;   {runtime_call ic_miss_stub}
  0x00000248478394b4: 0f85 c651 | f806 660f | 1f44 0000 
[Verified Entry Point]
  0x00000248478394c0: 8984 2400 | 80ff ff55 | 4881 eca0 | 0000 0090 | 4181 7f20 | 0100 0000 

  0x00000248478394d8: ;   {runtime_call StubRoutines (final stubs)}
  0x00000248478394d8: 7405 e821 

  0x00000248478394dc: ;   {metadata(method data for {method} {0x000002485c5dfd38} 'defineClass' '(Ljava/lang/String;[BLorg/eclipse/osgi/internal/loader/classpath/ClasspathEntry;)Lorg/eclipse/osgi/internal/loader/ModuleClassLoader$DefineClassResult;' in 'org/eclipse/osgi/internal/loader/ModuleClassLoader')}
  0x00000248478394dc: 43f7 0648 | be50 b5c3 | 5c48 0200 | 008b 9ecc | 0000 0083 | c302 899e | cc00 0000 | 81e3 fe07 
  0x00000248478394fc: 0000 85db | 0f84 5304 | 0000 4889 | 7c24 704c | 894c 2468 

  0x0000024847839510: ;   {metadata(method data for {method} {0x000002485c5dfd38} 'defineClass' '(Ljava/lang/String;[BLorg/eclipse/osgi/internal/loader/classpath/ClasspathEntry;)Lorg/eclipse/osgi/internal/loader/ModuleClassLoader$DefineClassResult;' in 'org/eclipse/osgi/internal/loader/ModuleClassLoader')}
  0x0000024847839510: 488b f248 | bb50 b5c3 | 5c48 0200 | 008b 7608 | 49ba 0000 | 0000 4802 | 0000 4903 | f248 3bb3 
  0x0000024847839530: 2001 0000 | 750d 4883 | 8328 0100 | 0001 e960 | 0000 0048 | 3bb3 3001 | 0000 750d | 4883 8338 
  0x0000024847839550: 0100 0001 | e94a 0000 | 0048 83bb | 2001 0000 | 0075 1748 | 89b3 2001 | 0000 48c7 | 8328 0100 
  0x0000024847839570: 0001 0000 | 00e9 2900 | 0000 4883 | bb30 0100 | 0000 7517 | 4889 b330 | 0100 0048 | c783 3801 
  0x0000024847839590: 0000 0100 | 0000 e908 | 0000 0048 | 8383 1001 

  0x00000248478395a0: ;   {metadata(method data for {method} {0x000002485c6249f0} 'getClassLoadingLock' '(Ljava/lang/String;)Ljava/lang/Object;' in 'org/eclipse/osgi/internal/loader/ModuleClassLoader')}
  0x00000248478395a0: 0000 0148 | bea0 b68c | 5c48 0200 | 008b 9ecc | 0000 0083 | c302 899e | cc00 0000 | 81e3 feff 
  0x00000248478395c0: 1f00 85db | 0f84 b003 | 0000 8b72 | 5048 3b06 

  0x00000248478395d0: ;   {metadata(method data for {method} {0x000002485c6249f0} 'getClassLoadingLock' '(Ljava/lang/String;)Ljava/lang/Object;' in 'org/eclipse/osgi/internal/loader/ModuleClassLoader')}
  0x00000248478395d0: 488b de48 | b8a0 b68c | 5c48 0200 | 0048 8380 | 1001 0000 | 0149 8bd8 | 4c8b c348 | 8954 2458 
  0x00000248478395f0: 488b d648 | 895c 2460 | 0f1f 8000 

  0x00000248478395fc: ;   {optimized virtual_call}
  0x00000248478395fc: 0000 00e8 

  0x0000024847839600: ; ImmutableOopMap {[88]=Oop [96]=Oop [104]=Oop [112]=Oop }
                      ;*invokevirtual getLock {reexecute=0 rethrow=0 return_oop=0}
                      ; - org.eclipse.osgi.internal.loader.ModuleClassLoader::getClassLoadingLock@5 (line 437)
                      ; - org.eclipse.osgi.internal.loader.ModuleClassLoader::defineClass@8 (line 312)
  0x0000024847839600: fcd8 ecff 

  0x0000024847839604: ;   {other}
  0x0000024847839604: 0f1f 8400 | 7403 0000 | 4889 4424 | 7848 8d94 | 2480 0000 | 0048 8bf0 | 4889 7208 

  0x0000024847839620: ; implicit exception: dispatches to 0x00000248478399a0
  0x0000024847839620: 488b 0648 | 83c8 0148 | 8902 f048 | 0fb1 160f | 8412 0000 | 0048 2bc4 | 4825 07f0 | ffff 4889 
  0x0000024847839640: 020f 855e | 0300 0049 | ff87 5005 | 0000 488b 

  0x0000024847839650: ;   {metadata(method data for {method} {0x000002485c5dfd38} 'defineClass' '(Ljava/lang/String;[BLorg/eclipse/osgi/internal/loader/classpath/ClasspathEntry;)Lorg/eclipse/osgi/internal/loader/ModuleClassLoader$DefineClassResult;' in 'org/eclipse/osgi/internal/loader/ModuleClassLoader')}
  0x0000024847839650: 5424 5848 | be50 b5c3 | 5c48 0200 | 0048 8386 | 4801 0000 

  0x0000024847839664: ;   {metadata(method data for {method} {0x0000024800434ed0} 'findLoadedClass' '(Ljava/lang/String;)Ljava/lang/Class;' in 'java/lang/ClassLoader')}
  0x0000024847839664: 0148 ba78 | 0b24 5c48 | 0200 008b | b2cc 0000 | 0083 c602 | 89b2 cc00 | 0000 81e6 | feff 1f00 
  0x0000024847839684: 85f6 0f84 | 2c03 0000 

  0x000002484783968c: ;   {metadata(method data for {method} {0x0000024800434ed0} 'findLoadedClass' '(Ljava/lang/String;)Ljava/lang/Class;' in 'java/lang/ClassLoader')}
  0x000002484783968c: 48ba 780b | 245c 4802 | 0000 4883 | 8210 0100 | 0001 488b | 5424 600f 

  0x00000248478396a4: ;   {static_call}
  0x00000248478396a4: 1f40 00e8 

  0x00000248478396a8: ; ImmutableOopMap {[88]=Oop [96]=Oop [104]=Oop [112]=Oop [120]=Oop [136]=Oop }
                      ;*invokestatic checkName {reexecute=0 rethrow=0 return_oop=0}
                      ; - java.lang.ClassLoader::findLoadedClass@1
                      ; - org.eclipse.osgi.internal.loader.ModuleClassLoader::defineClass@17 (line 313)
  0x00000248478396a8: b4a2 6007 

  0x00000248478396ac: ;   {other}
  0x00000248478396ac: 0f1f 8400 | 1c04 0001 

  0x00000248478396b4: ;   {metadata(method data for {method} {0x0000024800434ed0} 'findLoadedClass' '(Ljava/lang/String;)Ljava/lang/Class;' in 'java/lang/ClassLoader')}
  0x00000248478396b4: 85c0 49b8 | 780b 245c | 4802 0000 | 48c7 c220 | 0100 0075 | 0748 c7c2 | 3001 0000 | 498b 3410 
  0x00000248478396d4: 488d 7601 | 4989 3410 | 0f85 0f00 

  0x00000248478396e0: ;   {oop(nullptr)}
  0x00000248478396e0: 0000 48be | 0000 0000 | 0000 0000 | e936 0000 | 0048 8b54 

  0x00000248478396f4: ;   {metadata(method data for {method} {0x0000024800434ed0} 'findLoadedClass' '(Ljava/lang/String;)Ljava/lang/Class;' in 'java/lang/ClassLoader')}
  0x00000248478396f4: 2458 49b8 | 780b 245c | 4802 0000 | 4983 8040 | 0100 0001 | 4c8b 4424 | 6048 8b54 | 2458 0f1f 
  0x0000024847839714: ;   {optimized virtual_call}
  0x0000024847839714: 4400 00e8 

  0x0000024847839718: ; ImmutableOopMap {[88]=Oop [96]=Oop [104]=Oop [112]=Oop [120]=Oop [136]=Oop }
                      ;*invokevirtual findLoadedClass0 {reexecute=0 rethrow=0 return_oop=0}
                      ; - java.lang.ClassLoader::findLoadedClass@11
                      ; - org.eclipse.osgi.internal.loader.ModuleClassLoader::defineClass@17 (line 313)
  0x0000024847839718: a4b0 4f07 

  0x000002484783971c: ;   {other}
  0x000002484783971c: 0f1f 8400 | 8c04 0002 | 488b f048 

  0x0000024847839728: ;   {metadata(method data for {method} {0x000002485c5dfd38} 'defineClass' '(Ljava/lang/String;[BLorg/eclipse/osgi/internal/loader/classpath/ClasspathEntry;)Lorg/eclipse/osgi/internal/loader/ModuleClassLoader$DefineClassResult;' in 'org/eclipse/osgi/internal/loader/ModuleClassLoader')}
  0x0000024847839728: 85f6 49b8 | 50b5 c35c | 4802 0000 | 49c7 c190 | 0100 0074 | 0749 c7c1 | 8001 0000 | 4b8b 3c08 
  0x0000024847839748: 488d 7f01 | 4b89 3c08 | 0f84 0e00 | 0000 488b | de41 b800 | 0000 00e9 | 6900 0000 | 488b 7c24 
  0x0000024847839768: 704c 8b4c | 2468 4c8b | 4424 6048 | 8b54 2458 

  0x0000024847839778: ; implicit exception: dispatches to 0x00000248478399d9
  0x0000024847839778: 418b 710c 

  0x000002484783977c: ; implicit exception: dispatches to 0x00000248478399de
  0x000002484783977c: 483b 0748 

  0x0000024847839780: ;   {metadata(method data for {method} {0x000002485c5dfd38} 'defineClass' '(Ljava/lang/String;[BLorg/eclipse/osgi/internal/loader/classpath/ClasspathEntry;)Lorg/eclipse/osgi/internal/loader/ModuleClassLoader$DefineClassResult;' in 'org/eclipse/osgi/internal/loader/ModuleClassLoader')}
  0x0000024847839780: 8bcf 48bb | 50b5 c35c | 4802 0000 | 4883 83b8 | 0100 0001 | 8b4f 1048 

  0x0000024847839798: ;   {metadata(method data for {method} {0x000002485c5dfd38} 'defineClass' '(Ljava/lang/String;[BLorg/eclipse/osgi/internal/loader/classpath/ClasspathEntry;)Lorg/eclipse/osgi/internal/loader/ModuleClassLoader$DefineClassResult;' in 'org/eclipse/osgi/internal/loader/ModuleClassLoader')}
  0x0000024847839798: 8bfa 48bb | 50b5 c35c | 4802 0000 | 4883 83d8 | 0100 0001 | bf00 0000 | 0066 0f1f 

  0x00000248478397b4: ;   {optimized virtual_call}
  0x00000248478397b4: 4400 00e8 

  0x00000248478397b8: ; ImmutableOopMap {[120]=Oop [136]=Oop }
                      ;*invokevirtual defineClass {reexecute=0 rethrow=0 return_oop=0}
                      ; - org.eclipse.osgi.internal.loader.ModuleClassLoader::defineClass@37 (line 315)
  0x00000248478397b8: 84b0 d7ff 

  0x00000248478397bc: ;   {other}
  0x00000248478397bc: 0f1f 8400 | 2c05 0003 | 488b d841 | b801 0000 | 0048 8d84 | 2480 0000 | 0048 8b10 | 4885 d20f 
  0x00000248478397dc: 840f 0000 | 0048 8b70 | 08f0 480f | b116 0f85 | f301 0000 | 49ff 8f50 

  0x00000248478397f4: ;   {metadata(method data for {method} {0x000002485c5dfd38} 'defineClass' '(Ljava/lang/String;[BLorg/eclipse/osgi/internal/loader/classpath/ClasspathEntry;)Lorg/eclipse/osgi/internal/loader/ModuleClassLoader$DefineClassResult;' in 'org/eclipse/osgi/internal/loader/ModuleClassLoader')}
  0x00000248478397f4: 0500 0048 | ba50 b5c3 | 5c48 0200 | 00ff 8210 

  0x0000024847839804: ;   {metadata('org/eclipse/osgi/internal/loader/ModuleClassLoader$DefineClassResult')}
  0x0000024847839804: 0200 0048 | ba28 6612 | 0148 0200 | 0049 8b87 | b801 0000 | 488d 7818 | 493b bfc8 | 0100 000f 
  0x0000024847839824: 87d0 0100 | 0049 89bf | b801 0000 | 48c7 0001 | 0000 0048 | 8bca 49ba | 0000 0000 | 4802 0000 
  0x0000024847839844: 492b ca89 | 4808 4833 | c989 480c | 4833 c948 | 8948 1048 

  0x0000024847839858: ;   {metadata(method data for {method} {0x000002485c5dfd38} 'defineClass' '(Ljava/lang/String;[BLorg/eclipse/osgi/internal/loader/classpath/ClasspathEntry;)Lorg/eclipse/osgi/internal/loader/ModuleClassLoader$DefineClassResult;' in 'org/eclipse/osgi/internal/loader/ModuleClassLoader')}
  0x0000024847839858: 8bf0 48bf | 50b5 c35c | 4802 0000 | 4883 8728 | 0200 0001 

  0x000002484783986c: ;   {metadata(method data for {method} {0x000002485c78e018} '<init>' '(Ljava/lang/Class;Z)V' in 'org/eclipse/osgi/internal/loader/ModuleClassLoader$DefineClassResult')}
  0x000002484783986c: 48be 4864 | aa5c 4802 | 0000 8bbe | cc00 0000 | 83c7 0289 | becc 0000 | 0081 e7fe | ff1f 0085 
  0x000002484783988c: ff0f 8473 | 0100 0048 

  0x0000024847839894: ;   {metadata(method data for {method} {0x000002485c78e018} '<init>' '(Ljava/lang/Class;Z)V' in 'org/eclipse/osgi/internal/loader/ModuleClassLoader$DefineClassResult')}
  0x0000024847839894: 8bf0 48bf | 4864 aa5c | 4802 0000 | 4883 8710 | 0100 0001 

  0x00000248478398a8: ;   {metadata(method data for {method} {0x00000248004748b8} '<init>' '()V' in 'java/lang/Object')}
  0x00000248478398a8: 48be 9067 | 005c 4802 | 0000 8bbe | cc00 0000 | 83c7 0289 | becc 0000 | 0081 e7fe | ff1f 0085 
  0x00000248478398c8: ff0f 8458 | 0100 004c | 8bd3 4489 | 5010 488d | 3048 c1ee | 0948 bf00 | 005e 4348 | 0200 00c6 
  0x00000248478398e8: 043e 0041 | 83e0 0144 | 8840 0c48 | 81c4 a000 

  0x00000248478398f8: ;   {poll_return}
  0x00000248478398f8: 0000 5d49 | 3ba7 5004 | 0000 0f87 | 4001 0000 | c349 8b87 | 0005 0000 | 4d33 d24d | 8997 0005 
  0x0000024847839918: 0000 4d33 | d24d 8997 | 0805 0000 | 488b f048 | 8d84 2480 | 0000 0048 | 8b38 4885 | ff0f 840f 
  0x0000024847839938: 0000 0048 | 8b58 08f0 | 480f b13b | 0f85 1401 | 0000 49ff | 8f50 0500 | 0048 8bc6 | e938 0100 
  0x0000024847839958: ;   {metadata({method} {0x000002485c5dfd38} 'defineClass' '(Ljava/lang/String;[BLorg/eclipse/osgi/internal/loader/classpath/ClasspathEntry;)Lorg/eclipse/osgi/internal/loader/ModuleClassLoader$DefineClassResult;' in 'org/eclipse/osgi/internal/loader/ModuleClassLoader')}
  0x0000024847839958: 0049 ba30 | fd5d 5c48 | 0200 004c | 8954 2408 | 48c7 0424 | ffff ffff 

  0x0000024847839970: ;   {runtime_call counter_overflow Runtime1 stub}
  0x0000024847839970: e80b eb03 

  0x0000024847839974: ; ImmutableOopMap {rdx=Oop r8=Oop r9=Oop rdi=Oop }
                      ;*synchronization entry
                      ; - org.eclipse.osgi.internal.loader.ModuleClassLoader::defineClass@-1 (line 310)
  0x0000024847839974: 07e9 8cfb 

  0x0000024847839978: ;   {metadata({method} {0x000002485c6249f0} 'getClassLoadingLock' '(Ljava/lang/String;)Ljava/lang/Object;' in 'org/eclipse/osgi/internal/loader/ModuleClassLoader')}
  0x0000024847839978: ffff 49ba | e849 625c | 4802 0000 | 4c89 5424 | 0848 c704 | 24ff ffff 

  0x0000024847839990: ;   {runtime_call counter_overflow Runtime1 stub}
  0x0000024847839990: ffe8 eaea 

  0x0000024847839994: ; ImmutableOopMap {rdx=Oop r8=Oop [104]=Oop [112]=Oop }
                      ;*synchronization entry
                      ; - org.eclipse.osgi.internal.loader.ModuleClassLoader::getClassLoadingLock@-1 (line 437)
                      ; - org.eclipse.osgi.internal.loader.ModuleClassLoader::defineClass@8 (line 312)
  0x0000024847839994: 0307 e92f 

  0x0000024847839998: ;   {runtime_call throw_null_pointer_exception Runtime1 stub}
  0x0000024847839998: fcff ffe8 

  0x000002484783999c: ; ImmutableOopMap {rdx=Oop r8=Oop rsi=Oop [104]=Oop [112]=Oop }
                      ;*invokevirtual getLock {reexecute=0 rethrow=0 return_oop=0}
                      ; - org.eclipse.osgi.internal.loader.ModuleClassLoader::getClassLoadingLock@5 (line 437)
                      ; - org.eclipse.osgi.internal.loader.ModuleClassLoader::defineClass@8 (line 312)
  0x000002484783999c: 809a fa06 

  0x00000248478399a0: ;   {runtime_call throw_null_pointer_exception Runtime1 stub}
  0x00000248478399a0: e87b 9afa 

  0x00000248478399a4: ; ImmutableOopMap {rsi=Oop [88]=Oop [96]=Oop [104]=Oop [112]=Oop [120]=Oop }
                      ;*monitorenter {reexecute=0 rethrow=0 return_oop=0}
                      ; - org.eclipse.osgi.internal.loader.ModuleClassLoader::defineClass@14 (line 312)
  0x00000248478399a4: 0648 8974 | 2408 4889 

  0x00000248478399ac: ;   {runtime_call monitorenter_nofpu Runtime1 stub}
  0x00000248478399ac: 1424 e8cd 

  0x00000248478399b0: ; ImmutableOopMap {rsi=Oop [88]=Oop [96]=Oop [104]=Oop [112]=Oop [120]=Oop [136]=Oop }
                      ;*monitorenter {reexecute=0 rethrow=0 return_oop=0}
                      ; - org.eclipse.osgi.internal.loader.ModuleClassLoader::defineClass@14 (line 312)
  0x00000248478399b0: c003 07e9 | 96fc ffff 

  0x00000248478399b8: ;   {metadata({method} {0x0000024800434ed0} 'findLoadedClass' '(Ljava/lang/String;)Ljava/lang/Class;' in 'java/lang/ClassLoader')}
  0x00000248478399b8: 49ba c84e | 4300 4802 | 0000 4c89 | 5424 0848 | c704 24ff 

  0x00000248478399cc: ;   {runtime_call counter_overflow Runtime1 stub}
  0x00000248478399cc: ffff ffe8 

  0x00000248478399d0: ; ImmutableOopMap {[88]=Oop [96]=Oop [104]=Oop [112]=Oop [120]=Oop [136]=Oop }
                      ;*synchronization entry
                      ; - java.lang.ClassLoader::findLoadedClass@-1
                      ; - org.eclipse.osgi.internal.loader.ModuleClassLoader::defineClass@17 (line 313)
  0x00000248478399d0: acea 0307 | e9b3 fcff 

  0x00000248478399d8: ;   {runtime_call throw_null_pointer_exception Runtime1 stub}
  0x00000248478399d8: ffe8 429a 

  0x00000248478399dc: ; ImmutableOopMap {rdx=Oop r8=Oop r9=Oop rdi=Oop [120]=Oop [136]=Oop }
                      ;*arraylength {reexecute=0 rethrow=0 return_oop=0}
                      ; - org.eclipse.osgi.internal.loader.ModuleClassLoader::defineClass@32 (line 315)
                      ;   {runtime_call throw_null_pointer_exception Runtime1 stub}
  0x00000248478399dc: fa06 e83d 

  0x00000248478399e0: ; ImmutableOopMap {rdx=Oop r8=Oop r9=Oop rdi=Oop [120]=Oop [136]=Oop }
                      ;*invokevirtual getDomain {reexecute=0 rethrow=0 return_oop=0}
                      ; - org.eclipse.osgi.internal.loader.ModuleClassLoader::defineClass@34 (line 315)
  0x00000248478399e0: 9afa 0648 | 8d84 2480 | 0000 0048 

  0x00000248478399ec: ;   {runtime_call monitorexit_nofpu Runtime1 stub}
  0x00000248478399ec: 8904 24e8 | 0cc7 0307 | e9fe fdff | ff48 8bd2 

  0x00000248478399fc: ;   {runtime_call fast_new_instance Runtime1 stub}
  0x00000248478399fc: e8ff 8dfa 

  0x0000024847839a00: ; ImmutableOopMap {rbx=Oop }
                      ;*new {reexecute=0 rethrow=0 return_oop=0}
                      ; - org.eclipse.osgi.internal.loader.ModuleClassLoader::defineClass@55 (line 319)
  0x0000024847839a00: 06e9 51fe 

  0x0000024847839a04: ;   {metadata({method} {0x000002485c78e018} '<init>' '(Ljava/lang/Class;Z)V' in 'org/eclipse/osgi/internal/loader/ModuleClassLoader$DefineClassResult')}
  0x0000024847839a04: ffff 49ba | 10e0 785c | 4802 0000 | 4c89 5424 | 0848 c704 | 24ff ffff 

  0x0000024847839a1c: ;   {runtime_call counter_overflow Runtime1 stub}
  0x0000024847839a1c: ffe8 5eea 

  0x0000024847839a20: ; ImmutableOopMap {rbx=Oop rax=Oop }
                      ;*synchronization entry
                      ; - org.eclipse.osgi.internal.loader.ModuleClassLoader$DefineClassResult::<init>@-1 (line 96)
                      ; - org.eclipse.osgi.internal.loader.ModuleClassLoader::defineClass@63 (line 319)
  0x0000024847839a20: 0307 e96c 

  0x0000024847839a24: ;   {metadata({method} {0x00000248004748b8} '<init>' '()V' in 'java/lang/Object')}
  0x0000024847839a24: feff ff49 | bab0 4847 | 0048 0200 | 004c 8954 | 2408 48c7 | 0424 ffff 

  0x0000024847839a3c: ;   {runtime_call counter_overflow Runtime1 stub}
  0x0000024847839a3c: ffff e83d 

  0x0000024847839a40: ; ImmutableOopMap {rbx=Oop rax=Oop }
                      ;*synchronization entry
                      ; - java.lang.Object::<init>@-1
                      ; - org.eclipse.osgi.internal.loader.ModuleClassLoader$DefineClassResult::<init>@1 (line 96)
                      ; - org.eclipse.osgi.internal.loader.ModuleClassLoader::defineClass@63 (line 319)
  0x0000024847839a40: ea03 07e9 | 87fe ffff 

  0x0000024847839a48: ;   {internal_word}
  0x0000024847839a48: 49ba fb98 | 8347 4802 | 0000 4d89 | 9768 0400 

  0x0000024847839a58: ;   {runtime_call SafepointBlob}
  0x0000024847839a58: 00e9 22c1 | f806 488d | 8424 8000 | 0000 4889 

  0x0000024847839a68: ;   {runtime_call monitorexit_nofpu Runtime1 stub}
  0x0000024847839a68: 0424 e891 | c603 07e9 | ddfe ffff | 498b 8700 | 0500 0049 | c787 0005 | 0000 0000 | 0000 49c7 
  0x0000024847839a88: 8708 0500 | 0000 0000 | 0048 81c4 | a000 0000 

  0x0000024847839a98: ;   {runtime_call unwind_exception Runtime1 stub}
  0x0000024847839a98: 5de9 62a8 | fa06 f4f4 
[Stub Code]
  0x0000024847839aa0: ;   {no_reloc}
  0x0000024847839aa0: 48bb 0000 | 0000 0000 

  0x0000024847839aa8: ;   {runtime_call nmethod}
  0x0000024847839aa8: 0000 e9fb 

  0x0000024847839aac: ;   {static_stub}
  0x0000024847839aac: ffff ff48 | bb00 0000 | 0000 0000 

  0x0000024847839ab8: ;   {runtime_call nmethod}
  0x0000024847839ab8: 00e9 fbff 

  0x0000024847839abc: ;   {static_stub}
  0x0000024847839abc: ffff 48bb | 0000 0000 | 0000 0000 

  0x0000024847839ac8: ;   {runtime_call nmethod}
  0x0000024847839ac8: e9fb ffff 

  0x0000024847839acc: ;   {static_stub}
  0x0000024847839acc: ff48 bb00 | 0000 0000 

  0x0000024847839ad4: ;   {runtime_call nmethod}
  0x0000024847839ad4: 0000 00e9 | fbff ffff 
[Exception Handler]
  0x0000024847839adc: ;   {runtime_call handle_exception_from_callee Runtime1 stub}
  0x0000024847839adc: e81f ad03 

  0x0000024847839ae0: ;   {external_word}
  0x0000024847839ae0: 0748 b940 | 6310 74fa | 7f00 0048 

  0x0000024847839aec: ;   {runtime_call}
  0x0000024847839aec: 83e4 f048 | b8d0 c4d2 | 73fa 7f00 | 00ff d0f4 
[Deopt Handler Code]
  0x0000024847839afc: ;   {section_word}
  0x0000024847839afc: 49ba fc9a | 8347 4802 | 0000 4152 

  0x0000024847839b08: ;   {runtime_call DeoptimizationBlob}
  0x0000024847839b08: e913 d5f8 | 06f4 f4f4 
[/MachCode]


---------------  P R O C E S S  ---------------

Threads class SMR info:
_java_thread_list=0x0000024860b290e0, length=18, elements={
0x0000024841e97bf0, 0x000002485aa1b730, 0x000002485aa1c790, 0x000002485aa20070,
0x000002485aa20cd0, 0x000002485aa21930, 0x000002485aa243a0, 0x000002485aa251e0,
0x000002485aa9d960, 0x000002485b7f37a0, 0x000002485b910e30, 0x0000024860566880,
0x00000248605ac300, 0x000002486041fcd0, 0x0000024860686680, 0x000002485b7499d0,
0x0000024860ae2660, 0x00000248608bd3f0
}

Java Threads: ( => current thread )
  0x0000024841e97bf0 JavaThread "main"                              [_thread_blocked, id=1452, stack(0x00000091e9d00000,0x00000091e9e00000) (1024K)]
  0x000002485aa1b730 JavaThread "Reference Handler"          daemon [_thread_blocked, id=11120, stack(0x00000091ea100000,0x00000091ea200000) (1024K)]
  0x000002485aa1c790 JavaThread "Finalizer"                  daemon [_thread_blocked, id=17616, stack(0x00000091ea200000,0x00000091ea300000) (1024K)]
  0x000002485aa20070 JavaThread "Signal Dispatcher"          daemon [_thread_blocked, id=9328, stack(0x00000091ea300000,0x00000091ea400000) (1024K)]
  0x000002485aa20cd0 JavaThread "Attach Listener"            daemon [_thread_blocked, id=12560, stack(0x00000091ea400000,0x00000091ea500000) (1024K)]
  0x000002485aa21930 JavaThread "Service Thread"             daemon [_thread_blocked, id=16816, stack(0x00000091ea500000,0x00000091ea600000) (1024K)]
  0x000002485aa243a0 JavaThread "Monitor Deflation Thread"   daemon [_thread_blocked, id=4640, stack(0x00000091ea600000,0x00000091ea700000) (1024K)]
  0x000002485aa251e0 JavaThread "C2 CompilerThread0"         daemon [_thread_blocked, id=16784, stack(0x00000091ea700000,0x00000091ea800000) (1024K)]
  0x000002485aa9d960 JavaThread "C1 CompilerThread0"         daemon [_thread_blocked, id=16184, stack(0x00000091ea800000,0x00000091ea900000) (1024K)]
  0x000002485b7f37a0 JavaThread "Common-Cleaner"             daemon [_thread_blocked, id=19700, stack(0x00000091ea900000,0x00000091eaa00000) (1024K)]
  0x000002485b910e30 JavaThread "Notification Thread"        daemon [_thread_blocked, id=17588, stack(0x00000091eaa00000,0x00000091eab00000) (1024K)]
  0x0000024860566880 JavaThread "Active Thread: Equinox Container: 5cf1add2-1d2a-47ec-9b00-02da8b6115e2"        [_thread_blocked, id=12248, stack(0x00000091eae00000,0x00000091eaf00000) (1024K)]
  0x00000248605ac300 JavaThread "Refresh Thread: Equinox Container: 5cf1add2-1d2a-47ec-9b00-02da8b6115e2" daemon [_thread_blocked, id=14888, stack(0x00000091eaf00000,0x00000091eb000000) (1024K)]
  0x000002486041fcd0 JavaThread "Framework Event Dispatcher: Equinox Container: 5cf1add2-1d2a-47ec-9b00-02da8b6115e2" daemon [_thread_blocked, id=13904, stack(0x00000091eb000000,0x00000091eb100000) (1024K)]
=>0x0000024860686680 JavaThread "Start Level: Equinox Container: 5cf1add2-1d2a-47ec-9b00-02da8b6115e2" daemon [_thread_in_vm, id=17188, stack(0x00000091eb100000,0x00000091eb200000) (1024K)]
  0x000002485b7499d0 JavaThread "Bundle File Closer"         daemon [_thread_blocked, id=6956, stack(0x00000091eb200000,0x00000091eb300000) (1024K)]
  0x0000024860ae2660 JavaThread "SCR Component Actor"        daemon [_thread_blocked, id=8432, stack(0x00000091eb300000,0x00000091eb400000) (1024K)]
  0x00000248608bd3f0 JavaThread "Worker-JM"                         [_thread_blocked, id=3648, stack(0x00000091eb400000,0x00000091eb500000) (1024K)]
Total: 18

Other Threads:
  0x00000248440ef940 VMThread "VM Thread"                           [id=13240, stack(0x00000091ea000000,0x00000091ea100000) (1024K)] _threads_hazard_ptr=0x0000024860b290e0
  0x000002484409dd40 WatcherThread "VM Periodic Task Thread"        [id=18076, stack(0x00000091e9f00000,0x00000091ea000000) (1024K)]
  0x0000024844050890 WorkerThread "GC Thread#0"                     [id=14972, stack(0x00000091e9e00000,0x00000091e9f00000) (1024K)]
  0x00000248602ef610 WorkerThread "GC Thread#1"                     [id=17848, stack(0x00000091eab00000,0x00000091eac00000) (1024K)]
  0x000002485ba25ca0 WorkerThread "GC Thread#2"                     [id=6624, stack(0x00000091eac00000,0x00000091ead00000) (1024K)]
  0x000002485ba26050 WorkerThread "GC Thread#3"                     [id=16916, stack(0x00000091ead00000,0x00000091eae00000) (1024K)]
Total: 6

Threads with active compile tasks:
Total: 0

VM state: synchronizing (normal execution)

VM Mutex/Monitor currently owned by a thread:  ([mutex/lock_event])
[0x00007ffa743bd4f0] Metaspace_lock - owner thread: 0x0000024860686680
[0x00007ffa743bf570] Threads_lock - owner thread: 0x00000248440ef940

Heap address: 0x0000000080000000, size: 2048 MB, Compressed Oops mode: 32-bit

CDS archive(s) mapped at: [0x0000024800000000-0x0000024800ba0000-0x0000024800ba0000), size 12189696, SharedBaseAddress: 0x0000024800000000, ArchiveRelocationMode: 1.
Compressed class space mapped at: 0x0000024801000000-0x0000024841000000, reserved size: 1073741824
Narrow klass base: 0x0000024800000000, Narrow klass shift: 0, Narrow klass range: 0x100000000

GC Precious Log:
 CardTable entry size: 512
 CPUs: 4 total, 4 available
 Memory: 3862M
 Large Page Support: Disabled
 NUMA Support: Disabled
 Compressed Oops: Enabled (32-bit)
 Alignments: Space 512K, Generation 512K, Heap 2M
 Heap Min Capacity: 100M
 Heap Initial Capacity: 100M
 Heap Max Capacity: 2G
 Pre-touch: Disabled
 Parallel Workers: 4

Heap:
 PSYoungGen      total 29696K, used 25904K [0x00000000d5580000, 0x00000000d7680000, 0x0000000100000000)
  eden space 25600K, 85% used [0x00000000d5580000,0x00000000d6ad2378,0x00000000d6e80000)
  from space 4096K, 99% used [0x00000000d7280000,0x00000000d7679f80,0x00000000d7680000)
  to   space 4096K, 0% used [0x00000000d6e80000,0x00000000d6e80000,0x00000000d7280000)
 ParOldGen       total 68608K, used 6729K [0x0000000080000000, 0x0000000084300000, 0x00000000d5580000)
  object space 68608K, 9% used [0x0000000080000000,0x0000000080692438,0x0000000084300000)
 Metaspace       used 14928K, committed 15488K, reserved 1114112K
  class space    used 1543K, committed 1728K, reserved 1048576K

Card table byte_map: [0x00000248439e0000,0x0000024843df0000] _byte_map_base: 0x00000248435e0000

Marking Bits: (ParMarkBitMap*) 0x00007ffa743c4460
 Begin Bits: [0x00000248564f0000, 0x00000248584f0000)
 End Bits:   [0x00000248584f0000, 0x000002485a4f0000)

Polling page: 0x0000024841e30000

Metaspace:

Usage:
  Non-class:     13.07 MB used.
      Class:      1.51 MB used.
       Both:     14.58 MB used.

Virtual space:
  Non-class space:       64.00 MB reserved,      13.44 MB ( 21%) committed,  1 nodes.
      Class space:        1.00 GB reserved,       1.69 MB ( <1%) committed,  1 nodes.
             Both:        1.06 GB reserved,      15.12 MB (  1%) committed. 

Chunk freelists:
   Non-Class:  2.17 MB
       Class:  14.30 MB
        Both:  16.47 MB

MaxMetaspaceSize: unlimited
CompressedClassSpaceSize: 1.00 GB
Initial GC threshold: 21.00 MB
Current GC threshold: 21.00 MB
CDS: on
 - commit_granule_bytes: 65536.
 - commit_granule_words: 8192.
 - virtual_space_node_default_size: 8388608.
 - enlarge_chunks_in_place: 1.
 - use_allocation_guard: 0.


Internal statistics:

num_allocs_failed_limit: 0.
num_arena_births: 412.
num_arena_deaths: 0.
num_vsnodes_births: 2.
num_vsnodes_deaths: 0.
num_space_committed: 242.
num_space_uncommitted: 0.
num_chunks_returned_to_freelist: 0.
num_chunks_taken_from_freelist: 912.
num_chunk_merges: 0.
num_chunk_splits: 586.
num_chunks_enlarged: 386.
num_inconsistent_stats: 0.

CodeHeap 'non-profiled nmethods': size=120000Kb used=1321Kb max_used=1321Kb free=118678Kb
 bounds [0x000002484ed10000, 0x000002484ef80000, 0x0000024856240000]
CodeHeap 'profiled nmethods': size=120000Kb used=6207Kb max_used=6207Kb free=113792Kb
 bounds [0x0000024847240000, 0x0000024847850000, 0x000002484e770000]
CodeHeap 'non-nmethods': size=5760Kb used=1258Kb max_used=1276Kb free=4501Kb
 bounds [0x000002484e770000, 0x000002484e9e0000, 0x000002484ed10000]
CodeCache: size=245760Kb, used=8786Kb, max_used=8804Kb, free=236971Kb
 total_blobs=3524, nmethods=3005, adapters=425, full_count=0
Compilation: enabled, stopped_count=0, restarted_count=0

Compilation events (20 events):
Event: 11.102 Thread 0x000002485aa9d960 2996       3       org.eclipse.core.internal.preferences.EclipsePreferences::checkRemoved (26 bytes)
Event: 11.103 Thread 0x000002485aa9d960 nmethod 2996 0x000002484ee58390 code [0x000002484ee58560, 0x000002484ee58860]
Event: 11.103 Thread 0x000002485aa9d960 2997       3       org.eclipse.osgi.storage.bundlefile.BundleEntry::getBytes (20 bytes)
Event: 11.103 Thread 0x000002485aa9d960 nmethod 2997 0x000002484ee58990 code [0x000002484ee58b60, 0x000002484ee58e40]
Event: 11.119 Thread 0x000002485aa251e0 2998       4       java.util.ArrayList$SubList$1::hasNext (20 bytes)
Event: 11.120 Thread 0x000002485aa251e0 nmethod 2998 0x000002484ee58f10 code [0x000002484ee590a0, 0x000002484ee59158]
Event: 11.140 Thread 0x000002485aa251e0 2999       4       org.eclipse.osgi.internal.hookregistry.ClassLoaderHook::preFindLocalClass (1 bytes)
Event: 11.140 Thread 0x000002485aa251e0 nmethod 2999 0x000002484ee59210 code [0x000002484ee593a0, 0x000002484ee59428]
Event: 11.140 Thread 0x000002485aa251e0 3000       4       java.lang.ThreadLocal::get (35 bytes)
Event: 11.142 Thread 0x000002485aa251e0 nmethod 3000 0x000002484ee59510 code [0x000002484ee596c0, 0x000002484ee59848]
Event: 11.142 Thread 0x000002485aa251e0 3001       4       java.lang.ThreadLocal$ThreadLocalMap::getEntry (42 bytes)
Event: 11.143 Thread 0x000002485aa251e0 nmethod 3001 0x000002484ee59a10 code [0x000002484ee59ba0, 0x000002484ee59ce0]
Event: 11.143 Thread 0x000002485aa251e0 3002       4       org.eclipse.osgi.internal.hookregistry.ClassLoaderHook::postFindLocalClass (1 bytes)
Event: 11.143 Thread 0x000002485aa251e0 nmethod 3002 0x000002484ee59e10 code [0x000002484ee59fa0, 0x000002484ee5a028]
Event: 11.150 Thread 0x000002485aa9d960 3003       3       jdk.internal.misc.VM::isJavaLangInvokeInited (4 bytes)
Event: 11.150 Thread 0x000002485aa9d960 nmethod 3003 0x000002484784fc90 code [0x000002484784fe20, 0x000002484784ff10]
Event: 11.150 Thread 0x000002485aa9d960 3004       3       jdk.internal.reflect.ReflectionFactory::config (28 bytes)
Event: 11.150 Thread 0x000002485aa9d960 nmethod 3004 0x000002484ee5a110 code [0x000002484ee5a2a0, 0x000002484ee5a3a8]
Event: 11.150 Thread 0x000002485aa251e0 3005       4       java.lang.invoke.LambdaForm::uncustomize (57 bytes)
Event: 11.151 Thread 0x000002485aa251e0 nmethod 3005 0x000002484ee5a410 code [0x000002484ee5a5a0, 0x000002484ee5a650]

GC Heap History (8 events):
Event: 4.438 GC heap before
{Heap before GC invocations=1 (full 0):
 PSYoungGen      total 29696K, used 25600K [0x00000000d5580000, 0x00000000d7680000, 0x0000000100000000)
  eden space 25600K, 100% used [0x00000000d5580000,0x00000000d6e80000,0x00000000d6e80000)
  from space 4096K, 0% used [0x00000000d7280000,0x00000000d7280000,0x00000000d7680000)
  to   space 4096K, 0% used [0x00000000d6e80000,0x00000000d6e80000,0x00000000d7280000)
 ParOldGen       total 68608K, used 0K [0x0000000080000000, 0x0000000084300000, 0x00000000d5580000)
  object space 68608K, 0% used [0x0000000080000000,0x0000000080000000,0x0000000084300000)
 Metaspace       used 4422K, committed 4608K, reserved 1114112K
  class space    used 477K, committed 576K, reserved 1048576K
}
Event: 4.477 GC heap after
{Heap after GC invocations=1 (full 0):
 PSYoungGen      total 29696K, used 3280K [0x00000000d5580000, 0x00000000d7680000, 0x0000000100000000)
  eden space 25600K, 0% used [0x00000000d5580000,0x00000000d5580000,0x00000000d6e80000)
  from space 4096K, 80% used [0x00000000d6e80000,0x00000000d71b4148,0x00000000d7280000)
  to   space 4096K, 0% used [0x00000000d7280000,0x00000000d7280000,0x00000000d7680000)
 ParOldGen       total 68608K, used 0K [0x0000000080000000, 0x0000000084300000, 0x00000000d5580000)
  object space 68608K, 0% used [0x0000000080000000,0x0000000080000000,0x0000000084300000)
 Metaspace       used 4422K, committed 4608K, reserved 1114112K
  class space    used 477K, committed 576K, reserved 1048576K
}
Event: 6.289 GC heap before
{Heap before GC invocations=2 (full 0):
 PSYoungGen      total 29696K, used 28880K [0x00000000d5580000, 0x00000000d7680000, 0x0000000100000000)
  eden space 25600K, 100% used [0x00000000d5580000,0x00000000d6e80000,0x00000000d6e80000)
  from space 4096K, 80% used [0x00000000d6e80000,0x00000000d71b4148,0x00000000d7280000)
  to   space 4096K, 0% used [0x00000000d7280000,0x00000000d7280000,0x00000000d7680000)
 ParOldGen       total 68608K, used 0K [0x0000000080000000, 0x0000000084300000, 0x00000000d5580000)
  object space 68608K, 0% used [0x0000000080000000,0x0000000080000000,0x0000000084300000)
 Metaspace       used 8024K, committed 8256K, reserved 1114112K
  class space    used 833K, committed 960K, reserved 1048576K
}
Event: 6.295 GC heap after
{Heap after GC invocations=2 (full 0):
 PSYoungGen      total 29696K, used 4070K [0x00000000d5580000, 0x00000000d7680000, 0x0000000100000000)
  eden space 25600K, 0% used [0x00000000d5580000,0x00000000d5580000,0x00000000d6e80000)
  from space 4096K, 99% used [0x00000000d7280000,0x00000000d7679800,0x00000000d7680000)
  to   space 4096K, 0% used [0x00000000d6e80000,0x00000000d6e80000,0x00000000d7280000)
 ParOldGen       total 68608K, used 2033K [0x0000000080000000, 0x0000000084300000, 0x00000000d5580000)
  object space 68608K, 2% used [0x0000000080000000,0x00000000801fc6a8,0x0000000084300000)
 Metaspace       used 8024K, committed 8256K, reserved 1114112K
  class space    used 833K, committed 960K, reserved 1048576K
}
Event: 6.900 GC heap before
{Heap before GC invocations=3 (full 0):
 PSYoungGen      total 29696K, used 29562K [0x00000000d5580000, 0x00000000d7680000, 0x0000000100000000)
  eden space 25600K, 99% used [0x00000000d5580000,0x00000000d6e65010,0x00000000d6e80000)
  from space 4096K, 99% used [0x00000000d7280000,0x00000000d7679800,0x00000000d7680000)
  to   space 4096K, 0% used [0x00000000d6e80000,0x00000000d6e80000,0x00000000d7280000)
 ParOldGen       total 68608K, used 2033K [0x0000000080000000, 0x0000000084300000, 0x00000000d5580000)
  object space 68608K, 2% used [0x0000000080000000,0x00000000801fc6a8,0x0000000084300000)
 Metaspace       used 9489K, committed 9856K, reserved 1114112K
  class space    used 1012K, committed 1152K, reserved 1048576K
}
Event: 6.906 GC heap after
{Heap after GC invocations=3 (full 0):
 PSYoungGen      total 29696K, used 4068K [0x00000000d5580000, 0x00000000d7680000, 0x0000000100000000)
  eden space 25600K, 0% used [0x00000000d5580000,0x00000000d5580000,0x00000000d6e80000)
  from space 4096K, 99% used [0x00000000d6e80000,0x00000000d7279018,0x00000000d7280000)
  to   space 4096K, 0% used [0x00000000d7280000,0x00000000d7280000,0x00000000d7680000)
 ParOldGen       total 68608K, used 4732K [0x0000000080000000, 0x0000000084300000, 0x00000000d5580000)
  object space 68608K, 6% used [0x0000000080000000,0x000000008049f328,0x0000000084300000)
 Metaspace       used 9489K, committed 9856K, reserved 1114112K
  class space    used 1012K, committed 1152K, reserved 1048576K
}
Event: 9.266 GC heap before
{Heap before GC invocations=4 (full 0):
 PSYoungGen      total 29696K, used 29668K [0x00000000d5580000, 0x00000000d7680000, 0x0000000100000000)
  eden space 25600K, 100% used [0x00000000d5580000,0x00000000d6e80000,0x00000000d6e80000)
  from space 4096K, 99% used [0x00000000d6e80000,0x00000000d7279018,0x00000000d7280000)
  to   space 4096K, 0% used [0x00000000d7280000,0x00000000d7280000,0x00000000d7680000)
 ParOldGen       total 68608K, used 4732K [0x0000000080000000, 0x0000000084300000, 0x00000000d5580000)
  object space 68608K, 6% used [0x0000000080000000,0x000000008049f328,0x0000000084300000)
 Metaspace       used 11622K, committed 12032K, reserved 1114112K
  class space    used 1227K, committed 1408K, reserved 1048576K
}
Event: 9.271 GC heap after
{Heap after GC invocations=4 (full 0):
 PSYoungGen      total 29696K, used 4071K [0x00000000d5580000, 0x00000000d7680000, 0x0000000100000000)
  eden space 25600K, 0% used [0x00000000d5580000,0x00000000d5580000,0x00000000d6e80000)
  from space 4096K, 99% used [0x00000000d7280000,0x00000000d7679f80,0x00000000d7680000)
  to   space 4096K, 0% used [0x00000000d6e80000,0x00000000d6e80000,0x00000000d7280000)
 ParOldGen       total 68608K, used 6729K [0x0000000080000000, 0x0000000084300000, 0x00000000d5580000)
  object space 68608K, 9% used [0x0000000080000000,0x0000000080692438,0x0000000084300000)
 Metaspace       used 11622K, committed 12032K, reserved 1114112K
  class space    used 1227K, committed 1408K, reserved 1048576K
}

Dll operation events (9 events):
Event: 0.042 Loaded shared library c:\Users\DELL\.vscode\extensions\redhat.java-1.55.0-win32-x64\jre\21.0.11-win32-x86_64\bin\java.dll
Event: 0.322 Loaded shared library c:\Users\DELL\.vscode\extensions\redhat.java-1.55.0-win32-x64\jre\21.0.11-win32-x86_64\bin\zip.dll
Event: 0.401 Loaded shared library C:\Users\DELL\.vscode\extensions\redhat.java-1.55.0-win32-x64\jre\21.0.11-win32-x86_64\bin\instrument.dll
Event: 0.420 Loaded shared library C:\Users\DELL\.vscode\extensions\redhat.java-1.55.0-win32-x64\jre\21.0.11-win32-x86_64\bin\net.dll
Event: 0.455 Loaded shared library C:\Users\DELL\.vscode\extensions\redhat.java-1.55.0-win32-x64\jre\21.0.11-win32-x86_64\bin\nio.dll
Event: 0.461 Loaded shared library C:\Users\DELL\.vscode\extensions\redhat.java-1.55.0-win32-x64\jre\21.0.11-win32-x86_64\bin\zip.dll
Event: 0.532 Loaded shared library C:\Users\DELL\.vscode\extensions\redhat.java-1.55.0-win32-x64\jre\21.0.11-win32-x86_64\bin\jimage.dll
Event: 0.860 Loaded shared library c:\Users\DELL\.vscode\extensions\redhat.java-1.55.0-win32-x64\jre\21.0.11-win32-x86_64\bin\verify.dll
Event: 6.316 Loaded shared library C:\Users\DELL\AppData\Roaming\Code\User\globalStorage\redhat.java\1.55.0\config_win\org.eclipse.equinox.launcher\org.eclipse.equinox.launcher.win32.win32.x86_64_1.3.100.v20260613-0559\eclipse_11924.dll

Deoptimization events (20 events):
Event: 9.604 Thread 0x0000024860686680 DEOPT PACKING pc=0x000002484ee3a74c sp=0x00000091eb1fde10
Event: 9.604 Thread 0x0000024860686680 DEOPT UNPACKING pc=0x000002484e7c6da2 sp=0x00000091eb1fdda0 mode 2
Event: 9.745 Thread 0x0000024860686680 DEOPT PACKING pc=0x000002484735f639 sp=0x00000091eb1fcbc0
Event: 9.745 Thread 0x0000024860686680 DEOPT UNPACKING pc=0x000002484e7c78e2 sp=0x00000091eb1fc0c0 mode 0
Event: 9.812 Thread 0x0000024860686680 Uncommon trap: trap_request=0xffffff45 fr.pc=0x000002484ede740c relative=0x000000000000006c
Event: 9.812 Thread 0x0000024860686680 Uncommon trap: reason=unstable_if action=reinterpret pc=0x000002484ede740c method=java.util.Objects.equals(Ljava/lang/Object;Ljava/lang/Object;)Z @ 6 c2
Event: 9.812 Thread 0x0000024860686680 DEOPT PACKING pc=0x000002484ede740c sp=0x00000091eb1f8cf0
Event: 9.812 Thread 0x0000024860686680 DEOPT UNPACKING pc=0x000002484e7c6da2 sp=0x00000091eb1f8c90 mode 2
Event: 10.013 Thread 0x0000024860686680 DEOPT PACKING pc=0x00000248476424d6 sp=0x00000091eb1f7930
Event: 10.013 Thread 0x0000024860686680 DEOPT UNPACKING pc=0x000002484e7c78e2 sp=0x00000091eb1f6e40 mode 0
Event: 10.223 Thread 0x0000024860686680 DEOPT PACKING pc=0x00000248473783a5 sp=0x00000091eb1f8d80
Event: 10.223 Thread 0x0000024860686680 DEOPT UNPACKING pc=0x000002484e7c78e2 sp=0x00000091eb1f8268 mode 0
Event: 10.225 Thread 0x0000024860686680 DEOPT PACKING pc=0x00000248473785a6 sp=0x00000091eb1f8d80
Event: 10.225 Thread 0x0000024860686680 DEOPT UNPACKING pc=0x000002484e7c78e2 sp=0x00000091eb1f8278 mode 0
Event: 10.225 Thread 0x0000024860686680 DEOPT PACKING pc=0x00000248473785a6 sp=0x00000091eb1f8d80
Event: 10.225 Thread 0x0000024860686680 DEOPT UNPACKING pc=0x000002484e7c78e2 sp=0x00000091eb1f8278 mode 0
Event: 10.581 Thread 0x0000024860686680 Uncommon trap: trap_request=0xffffff45 fr.pc=0x000002484ee206dc relative=0x00000000000003dc
Event: 10.581 Thread 0x0000024860686680 Uncommon trap: reason=unstable_if action=reinterpret pc=0x000002484ee206dc method=java.util.regex.Pattern$BmpCharPropertyGreedy.match(Ljava/util/regex/Matcher;ILjava/lang/CharSequence;)Z @ 73 c2
Event: 10.581 Thread 0x0000024860686680 DEOPT PACKING pc=0x000002484ee206dc sp=0x00000091eb1f5e00
Event: 10.581 Thread 0x0000024860686680 DEOPT UNPACKING pc=0x000002484e7c6da2 sp=0x00000091eb1f5dc0 mode 2

Classes loaded (20 events):
Event: 10.604 Loading class java/lang/foreign/MemoryLayout done
Event: 10.604 Loading class java/lang/foreign/ValueLayout done
Event: 10.689 Loading class java/io/ObjectInputStream
Event: 10.693 Loading class java/io/ObjectInput
Event: 10.698 Loading class java/io/ObjectInput done
Event: 10.698 Loading class java/io/ObjectStreamConstants
Event: 10.702 Loading class java/io/ObjectStreamConstants done
Event: 10.702 Loading class java/io/ObjectInputStream done
Event: 10.703 Loading class java/io/ObjectOutputStream
Event: 10.704 Loading class java/io/ObjectOutput
Event: 10.704 Loading class java/io/ObjectOutput done
Event: 10.704 Loading class java/io/ObjectOutputStream done
Event: 10.704 Loading class java/lang/constant/ClassDesc
Event: 10.705 Loading class java/lang/constant/ClassDesc done
Event: 10.710 Loading class jdk/internal/vm/annotation/ForceInline
Event: 10.711 Loading class jdk/internal/vm/annotation/ForceInline done
Event: 11.148 Loading class java/lang/IllegalCallerException
Event: 11.148 Loading class java/lang/IllegalCallerException done
Event: 11.150 Loading class java/lang/invoke/DirectMethodHandle$1
Event: 11.156 Loading class java/lang/invoke/DirectMethodHandle$1 done

Classes unloaded (0 events):
No events

Classes redefined (0 events):
No events

Internal exceptions (20 events):
Event: 5.698 Thread 0x0000024841e97bf0 Exception <a 'java/lang/NoSuchMethodError'{0x00000000d65cd910}: 'int java.lang.invoke.DirectMethodHandle$Holder.invokeStaticInit(java.lang.Object, java.lang.Object)'> (0x00000000d65cd910) 
thrown [s\src\hotspot\share\interpreter\linkResolver.cpp, line 773]
Event: 5.819 Thread 0x0000024841e97bf0 Exception <a 'java/lang/NoSuchMethodError'{0x00000000d6836af8}: 'java.lang.Object java.lang.invoke.DirectMethodHandle$Holder.newInvokeSpecial(java.lang.Object, int, java.lang.Object)'> (0x00000000d6836af8) 
thrown [s\src\hotspot\share\interpreter\linkResolver.cpp, line 773]
Event: 5.934 Thread 0x0000024841e97bf0 Exception <a 'java/lang/ClassNotFoundException'{0x00000000d6a59e38}: sun/net/www/protocol/plurl/Handler> (0x00000000d6a59e38) 
thrown [s\src\hotspot\share\classfile\systemDictionary.cpp, line 313]
Event: 5.934 Thread 0x0000024841e97bf0 Exception <a 'java/lang/ClassNotFoundException'{0x00000000d6a5acb8}: sun/net/www/protocol/plurl/Handler> (0x00000000d6a5acb8) 
thrown [s\src\hotspot\share\classfile\systemDictionary.cpp, line 313]
Event: 6.310 Thread 0x0000024841e97bf0 Exception <a 'java/lang/UnsatisfiedLinkError'{0x00000000d55d7d38}: 'void org.eclipse.equinox.launcher.JNIBridge._update_splash()'> (0x00000000d55d7d38) 
thrown [s\src\hotspot\share\prims\nativeLookup.cpp, line 415]
Event: 6.372 Thread 0x00000248605ac300 Exception <a 'java/lang/NoSuchMethodError'{0x00000000d586c168}: 'void java.lang.invoke.DirectMethodHandle$Holder.invokeInterface(java.lang.Object, java.lang.Object, java.lang.Object)'> (0x00000000d586c168) 
thrown [s\src\hotspot\share\interpreter\linkResolver.cpp, line 773]
Event: 6.603 Thread 0x0000024860686680 Exception <a 'java/lang/NoSuchMethodError'{0x00000000d5cb8b98}: 'java.lang.Object java.lang.invoke.DirectMethodHandle$Holder.newInvokeSpecial(java.lang.Object, java.lang.Object, int, java.lang.Object)'> (0x00000000d5cb8b98) 
thrown [s\src\hotspot\share\interpreter\linkResolver.cpp, line 773]
Event: 6.603 Thread 0x0000024860686680 Exception <a 'java/lang/NoSuchMethodError'{0x00000000d5cbc9c8}: 'java.lang.Object java.lang.invoke.DirectMethodHandle$Holder.invokeSpecial(java.lang.Object, java.lang.Object, java.lang.Object, int, java.lang.Object)'> (0x00000000d5cbc9c8) 
thrown [s\src\hotspot\share\interpreter\linkResolver.cpp, line 773]
Event: 6.621 Thread 0x0000024860686680 Exception <a 'java/lang/NoClassDefFoundError'{0x00000000d5d634f8}: jakarta/servlet/ServletContainerInitializer> (0x00000000d5d634f8) 
thrown [s\src\hotspot\share\classfile\systemDictionary.cpp, line 302]
Event: 6.656 Thread 0x0000024860686680 Exception <a 'java/lang/ClassNotFoundException'{0x00000000d5eb7a90}: sun/util/logging/resources/spi/loggingProvider> (0x00000000d5eb7a90) 
thrown [s\src\hotspot\share\classfile\systemDictionary.cpp, line 313]
Event: 9.158 Thread 0x0000024860686680 Exception <a 'java/lang/NullPointerException'{0x00000000d67c5db8}> (0x00000000d67c5db8) 
thrown [s\src\hotspot\share\interpreter\linkResolver.cpp, line 1372]
Event: 9.158 Thread 0x0000024860686680 Exception <a 'java/lang/NullPointerException'{0x00000000d67c6098}> (0x00000000d67c6098) 
thrown [s\src\hotspot\share\interpreter\linkResolver.cpp, line 1372]
Event: 9.343 Thread 0x0000024860686680 Exception <a 'java/lang/NoSuchMethodError'{0x00000000d588f8a0}: 'long java.lang.invoke.DirectMethodHandle$Holder.invokeSpecial(java.lang.Object, java.lang.Object)'> (0x00000000d588f8a0) 
thrown [s\src\hotspot\share\interpreter\linkResolver.cpp, line 773]
Event: 9.411 Thread 0x0000024860686680 Exception <a 'java/io/FileNotFoundException'{0x00000000d5ab12c0}> (0x00000000d5ab12c0) 
thrown [s\src\hotspot\share\prims\jni.cpp, line 520]
Event: 9.770 Thread 0x0000024860686680 Exception <a 'java/lang/NoSuchMethodError'{0x00000000d5fbf318}: 'java.lang.Object java.lang.invoke.Invokers$Holder.linkToTargetMethod(java.lang.Object, long, java.lang.Object)'> (0x00000000d5fbf318) 
thrown [s\src\hotspot\share\interpreter\linkResolver.cpp, line 773]
Event: 10.025 Thread 0x0000024860686680 Exception <a 'java/lang/NoSuchMethodError'{0x00000000d6502d60}: 'void java.lang.invoke.Invokers$Holder.invokeExact_MT(java.lang.Object, java.lang.Object, java.lang.Object)'> (0x00000000d6502d60) 
thrown [s\src\hotspot\share\interpreter\linkResolver.cpp, line 773]
Event: 10.742 Thread 0x0000024860686680 Exception <a 'java/lang/NoSuchMethodError'{0x00000000d67fca88}: 'java.lang.Object java.lang.invoke.DirectMethodHandle$Holder.invokeVirtual(java.lang.Object, java.lang.Object, java.lang.Object)'> (0x00000000d67fca88) 
thrown [s\src\hotspot\share\interpreter\linkResolver.cpp, line 773]
Event: 10.752 Thread 0x0000024860686680 Exception <a 'java/lang/NoSuchMethodError'{0x00000000d6814520}: 'java.lang.Object java.lang.invoke.DelegatingMethodHandle$Holder.reinvoke_L(java.lang.Object, java.lang.Object, java.lang.Object, java.lang.Object, int, int)'> (0x00000000d6814520) 
thrown [s\src\hotspot\share\interpreter\linkResolver.cpp, line 773]
Event: 10.762 Thread 0x0000024860686680 Exception <a 'java/lang/NoSuchMethodError'{0x00000000d68307e0}: 'java.lang.Object java.lang.invoke.DirectMethodHandle$Holder.newInvokeSpecial(java.lang.Object, java.lang.Object, java.lang.Object, java.lang.Object, java.lang.Object, java.lang.Object)'> (0x00000000d68307e0) 
thrown [s\src\hotspot\share\interpreter\linkResolver.cpp, line 773]
Event: 10.781 Thread 0x0000024860686680 Exception <a 'java/lang/NoSuchMethodError'{0x00000000d685c370}: 'void java.lang.invoke.Invokers$Holder.invokeExact_MT(java.lang.Object, java.lang.Object, java.lang.Object, java.lang.Object)'> (0x00000000d685c370) 
thrown [s\src\hotspot\share\interpreter\linkResolver.cpp, line 773]

ZGC Phase Switch (0 events):
No events

VM Operations (20 events):
Event: 6.681 Executing non-safepoint VM operation: HandshakeAllThreads (Deoptimize)
Event: 6.681 Executing non-safepoint VM operation: HandshakeAllThreads (Deoptimize) done
Event: 6.706 Executing non-safepoint VM operation: HandshakeAllThreads (Deoptimize)
Event: 6.706 Executing non-safepoint VM operation: HandshakeAllThreads (Deoptimize) done
Event: 6.724 Executing non-safepoint VM operation: HandshakeAllThreads (Deoptimize)
Event: 6.724 Executing non-safepoint VM operation: HandshakeAllThreads (Deoptimize) done
Event: 6.899 Executing safepoint VM operation: ParallelGCFailedAllocation (Allocation Failure)
Event: 6.906 Executing safepoint VM operation: ParallelGCFailedAllocation (Allocation Failure) done
Event: 7.157 Executing non-safepoint VM operation: HandshakeAllThreads (Deoptimize)
Event: 7.158 Executing non-safepoint VM operation: HandshakeAllThreads (Deoptimize) done
Event: 8.162 Executing safepoint VM operation: Cleanup
Event: 8.162 Executing safepoint VM operation: Cleanup done
Event: 9.165 Executing safepoint VM operation: Cleanup
Event: 9.165 Executing safepoint VM operation: Cleanup done
Event: 9.255 Executing non-safepoint VM operation: HandshakeAllThreads (Deoptimize)
Event: 9.255 Executing non-safepoint VM operation: HandshakeAllThreads (Deoptimize) done
Event: 9.266 Executing safepoint VM operation: ParallelGCFailedAllocation (Allocation Failure)
Event: 9.271 Executing safepoint VM operation: ParallelGCFailedAllocation (Allocation Failure) done
Event: 10.274 Executing safepoint VM operation: Cleanup
Event: 10.490 Executing safepoint VM operation: Cleanup done

Memory protections (0 events):
No events

Nmethod flushes (0 events):
No events

Events (18 events):
Event: 0.065 Thread 0x0000024841e97bf0 Thread added: 0x0000024841e97bf0
Event: 0.097 Thread 0x0000024841e97bf0 Thread added: 0x000002485aa1b730
Event: 0.098 Thread 0x0000024841e97bf0 Thread added: 0x000002485aa1c790
Event: 0.099 Thread 0x0000024841e97bf0 Thread added: 0x000002485aa20070
Event: 0.099 Thread 0x0000024841e97bf0 Thread added: 0x000002485aa20cd0
Event: 0.099 Thread 0x0000024841e97bf0 Thread added: 0x000002485aa21930
Event: 0.099 Thread 0x0000024841e97bf0 Thread added: 0x000002485aa243a0
Event: 0.100 Thread 0x0000024841e97bf0 Thread added: 0x000002485aa251e0
Event: 0.107 Thread 0x0000024841e97bf0 Thread added: 0x000002485aa9d960
Event: 0.405 Thread 0x0000024841e97bf0 Thread added: 0x000002485b7f37a0
Event: 1.299 Thread 0x0000024841e97bf0 Thread added: 0x000002485b910e30
Event: 5.725 Thread 0x0000024841e97bf0 Thread added: 0x0000024860566880
Event: 6.307 Thread 0x0000024841e97bf0 Thread added: 0x00000248605ac300
Event: 6.376 Thread 0x00000248605ac300 Thread added: 0x000002486041fcd0
Event: 6.383 Thread 0x0000024841e97bf0 Thread added: 0x0000024860686680
Event: 6.962 Thread 0x0000024860686680 Thread added: 0x000002485b7499d0
Event: 9.128 Thread 0x0000024860686680 Thread added: 0x0000024860ae2660
Event: 9.884 Thread 0x0000024860686680 Thread added: 0x00000248608bd3f0


Dynamic libraries:
0x00007ff7c6240000 - 0x00007ff7c624e000 	c:\Users\DELL\.vscode\extensions\redhat.java-1.55.0-win32-x64\jre\21.0.11-win32-x86_64\bin\java.exe
0x00007ffaf6b30000 - 0x00007ffaf6d28000 	C:\Windows\SYSTEM32\ntdll.dll
0x00007ffaf61c0000 - 0x00007ffaf6282000 	C:\Windows\System32\KERNEL32.DLL
0x00007ffaf4630000 - 0x00007ffaf4926000 	C:\Windows\System32\KERNELBASE.dll
0x00007ffaf4420000 - 0x00007ffaf4520000 	C:\Windows\System32\ucrtbase.dll
0x00007ffae4000000 - 0x00007ffae401e000 	c:\Users\DELL\.vscode\extensions\redhat.java-1.55.0-win32-x64\jre\21.0.11-win32-x86_64\bin\VCRUNTIME140.dll
0x00007ffae4020000 - 0x00007ffae4038000 	c:\Users\DELL\.vscode\extensions\redhat.java-1.55.0-win32-x64\jre\21.0.11-win32-x86_64\bin\jli.dll
0x00007ffaf6340000 - 0x00007ffaf64e1000 	C:\Windows\System32\USER32.dll
0x00007ffaf34f0000 - 0x00007ffaf378b000 	C:\Windows\WinSxS\amd64_microsoft.windows.common-controls_6595b64144ccf1df_6.0.19041.6456_none_60b8a6cb71f64256\COMCTL32.dll
0x00007ffaf43f0000 - 0x00007ffaf4412000 	C:\Windows\System32\win32u.dll
0x00007ffaf67e0000 - 0x00007ffaf687e000 	C:\Windows\System32\msvcrt.dll
0x00007ffaf68e0000 - 0x00007ffaf690b000 	C:\Windows\System32\GDI32.dll
0x00007ffaf4980000 - 0x00007ffaf4a99000 	C:\Windows\System32\gdi32full.dll
0x00007ffaf4350000 - 0x00007ffaf43ed000 	C:\Windows\System32\msvcp_win.dll
0x00007ffaf4eb0000 - 0x00007ffaf4edf000 	C:\Windows\System32\IMM32.DLL
0x00007ffae2d20000 - 0x00007ffae2d2c000 	c:\Users\DELL\.vscode\extensions\redhat.java-1.55.0-win32-x64\jre\21.0.11-win32-x86_64\bin\vcruntime140_1.dll
0x00007ffab52d0000 - 0x00007ffab535d000 	c:\Users\DELL\.vscode\extensions\redhat.java-1.55.0-win32-x64\jre\21.0.11-win32-x86_64\bin\msvcp140.dll
0x00007ffa73700000 - 0x00007ffa744a2000 	c:\Users\DELL\.vscode\extensions\redhat.java-1.55.0-win32-x64\jre\21.0.11-win32-x86_64\bin\server\jvm.dll
0x00007ffaf56b0000 - 0x00007ffaf5761000 	C:\Windows\System32\ADVAPI32.dll
0x00007ffaf6a50000 - 0x00007ffaf6aef000 	C:\Windows\System32\sechost.dll
0x00007ffaf6920000 - 0x00007ffaf6a40000 	C:\Windows\System32\RPCRT4.dll
0x00007ffaf4320000 - 0x00007ffaf4347000 	C:\Windows\System32\bcrypt.dll
0x00007ffaf5df0000 - 0x00007ffaf5e5b000 	C:\Windows\System32\WS2_32.dll
0x00007ffaf4020000 - 0x00007ffaf406b000 	C:\Windows\SYSTEM32\POWRPROF.dll
0x00007ffadbb20000 - 0x00007ffadbb47000 	C:\Windows\SYSTEM32\WINMM.dll
0x00007ffaf0900000 - 0x00007ffaf090a000 	C:\Windows\SYSTEM32\VERSION.dll
0x00007ffaf4000000 - 0x00007ffaf4012000 	C:\Windows\SYSTEM32\UMPDC.dll
0x00007ffaf2330000 - 0x00007ffaf2342000 	C:\Windows\SYSTEM32\kernel.appcore.dll
0x00007ffadb9e0000 - 0x00007ffadb9ea000 	c:\Users\DELL\.vscode\extensions\redhat.java-1.55.0-win32-x64\jre\21.0.11-win32-x86_64\bin\jimage.dll
0x00007ffaf38e0000 - 0x00007ffaf3ae1000 	C:\Windows\SYSTEM32\DBGHELP.DLL
0x00007ffaf3880000 - 0x00007ffaf38b4000 	C:\Windows\SYSTEM32\dbgcore.DLL
0x00007ffaf45a0000 - 0x00007ffaf4622000 	C:\Windows\System32\bcryptPrimitives.dll
0x00007ffaeb930000 - 0x00007ffaeb93f000 	c:\Users\DELL\.vscode\extensions\redhat.java-1.55.0-win32-x64\jre\21.0.11-win32-x86_64\bin\instrument.dll
0x00007ffad7180000 - 0x00007ffad71a0000 	c:\Users\DELL\.vscode\extensions\redhat.java-1.55.0-win32-x64\jre\21.0.11-win32-x86_64\bin\java.dll
0x00007ffaf4ee0000 - 0x00007ffaf5650000 	C:\Windows\System32\SHELL32.dll
0x00007ffaf1b70000 - 0x00007ffaf2315000 	C:\Windows\SYSTEM32\windows.storage.dll
0x00007ffaf5e60000 - 0x00007ffaf61b4000 	C:\Windows\System32\combase.dll
0x00007ffaf33a0000 - 0x00007ffaf33cb000 	C:\Windows\SYSTEM32\Wldp.dll
0x00007ffaf65e0000 - 0x00007ffaf66ad000 	C:\Windows\System32\OLEAUT32.dll
0x00007ffaf6290000 - 0x00007ffaf633d000 	C:\Windows\System32\SHCORE.dll
0x00007ffaf5650000 - 0x00007ffaf56ab000 	C:\Windows\System32\shlwapi.dll
0x00007ffaf40f0000 - 0x00007ffaf4114000 	C:\Windows\SYSTEM32\profapi.dll
0x00007ffad3cb0000 - 0x00007ffad3cc8000 	c:\Users\DELL\.vscode\extensions\redhat.java-1.55.0-win32-x64\jre\21.0.11-win32-x86_64\bin\zip.dll
0x00007ffaeb860000 - 0x00007ffaeb870000 	C:\Users\DELL\.vscode\extensions\redhat.java-1.55.0-win32-x64\jre\21.0.11-win32-x86_64\bin\net.dll
0x00007ffae9be0000 - 0x00007ffae9cea000 	C:\Windows\SYSTEM32\WINHTTP.dll
0x00007ffaf3160000 - 0x00007ffaf31ca000 	C:\Windows\system32\mswsock.dll
0x00007ffaeb170000 - 0x00007ffaeb186000 	C:\Users\DELL\.vscode\extensions\redhat.java-1.55.0-win32-x64\jre\21.0.11-win32-x86_64\bin\nio.dll
0x00007ffaeb020000 - 0x00007ffaeb030000 	c:\Users\DELL\.vscode\extensions\redhat.java-1.55.0-win32-x64\jre\21.0.11-win32-x86_64\bin\verify.dll
0x00007ffac95a0000 - 0x00007ffac95e5000 	C:\Users\DELL\AppData\Roaming\Code\User\globalStorage\redhat.java\1.55.0\config_win\org.eclipse.equinox.launcher\org.eclipse.equinox.launcher.win32.win32.x86_64_1.3.100.v20260613-0559\eclipse_11924.dll
0x00007ffaf66b0000 - 0x00007ffaf67db000 	C:\Windows\System32\ole32.dll

JVMTI agents:
c:\Users\DELL\.vscode\extensions\redhat.java-1.55.0-win32-x64\lombok\lombok-1.18.39-4050.jar path:c:\Users\DELL\.vscode\extensions\redhat.java-1.55.0-win32-x64\jre\21.0.11-win32-x86_64\bin\instrument.dll, loaded, initialized, instrumentlib options:none

dbghelp: loaded successfully - version: 4.0.5 - missing functions: none
symbol engine: initialized successfully - sym options: 0x614 - pdb path: .;c:\Users\DELL\.vscode\extensions\redhat.java-1.55.0-win32-x64\jre\21.0.11-win32-x86_64\bin;C:\Windows\SYSTEM32;C:\Windows\WinSxS\amd64_microsoft.windows.common-controls_6595b64144ccf1df_6.0.19041.6456_none_60b8a6cb71f64256;c:\Users\DELL\.vscode\extensions\redhat.java-1.55.0-win32-x64\jre\21.0.11-win32-x86_64\bin\server;C:\Users\DELL\AppData\Roaming\Code\User\globalStorage\redhat.java\1.55.0\config_win\org.eclipse.equinox.launcher\org.eclipse.equinox.launcher.win32.win32.x86_64_1.3.100.v20260613-0559

VM Arguments:
jvm_args: --add-modules=ALL-SYSTEM --add-opens=java.base/java.util=ALL-UNNAMED --add-opens=java.base/java.lang=ALL-UNNAMED --add-opens=java.base/sun.nio.fs=ALL-UNNAMED -Declipse.application=org.eclipse.jdt.ls.core.id1 -Dosgi.bundles.defaultStartLevel=4 -Declipse.product=org.eclipse.jdt.ls.core.product -Djava.import.generatesMetadataFilesAtProjectRoot=false -DDetectVMInstallationsJob.disabled=true -Dfile.encoding=utf8 -XX:+UseParallelGC -XX:GCTimeRatio=4 -XX:AdaptiveSizePolicyWeight=90 -Dsun.zip.disableMemoryMapping=true -Xmx2G -Xms100m -Xlog:disable -javaagent:c:\Users\DELL\.vscode\extensions\redhat.java-1.55.0-win32-x64\lombok\lombok-1.18.39-4050.jar -XX:+HeapDumpOnOutOfMemoryError -XX:HeapDumpPath=c:\Users\DELL\AppData\Roaming\Code\User\workspaceStorage\1a6564583ea9243afe764279d878b582\redhat.java -Daether.dependencyCollector.impl=bf 
java_command: c:\Users\DELL\.vscode\extensions\redhat.java-1.55.0-win32-x64\server\plugins\org.eclipse.equinox.launcher_1.7.200.v20260619-2039.jar -configuration c:\Users\DELL\AppData\Roaming\Code\User\globalStorage\redhat.java\1.55.0\config_win -data c:\Users\DELL\AppData\Roaming\Code\User\workspaceStorage\1a6564583ea9243afe764279d878b582\redhat.java\jdt_ws --pipe=\\.\pipe\lsp-613944d22828b1726e3d78e7720e825a-sock
java_class_path (initial): c:\Users\DELL\.vscode\extensions\redhat.java-1.55.0-win32-x64\server\plugins\org.eclipse.equinox.launcher_1.7.200.v20260619-2039.jar
Launcher Type: SUN_STANDARD

[Global flags]
    uintx AdaptiveSizePolicyWeight                 = 90                                        {product} {command line}
     intx CICompilerCount                          = 3                                         {product} {ergonomic}
    uintx GCTimeRatio                              = 4                                         {product} {command line}
     bool HeapDumpOnOutOfMemoryError               = true                                   {manageable} {command line}
    ccstr HeapDumpPath                             = c:\Users\DELL\AppData\Roaming\Code\User\workspaceStorage\1a6564583ea9243afe764279d878b582\redhat.java         {manageable} {command line}
   size_t InitialHeapSize                          = 104857600                                 {product} {command line}
   size_t MaxHeapSize                              = 2147483648                                {product} {command line}
   size_t MaxNewSize                               = 715653120                                 {product} {ergonomic}
   size_t MinHeapDeltaBytes                        = 524288                                    {product} {ergonomic}
   size_t MinHeapSize                              = 104857600                                 {product} {command line}
   size_t NewSize                                  = 34603008                                  {product} {ergonomic}
    uintx NonNMethodCodeHeapSize                   = 5832780                                {pd product} {ergonomic}
    uintx NonProfiledCodeHeapSize                  = 122912730                              {pd product} {ergonomic}
   size_t OldSize                                  = 70254592                                  {product} {ergonomic}
    uintx ProfiledCodeHeapSize                     = 122912730                              {pd product} {ergonomic}
    uintx ReservedCodeCacheSize                    = 251658240                              {pd product} {ergonomic}
     bool SegmentedCodeCache                       = true                                      {product} {ergonomic}
   size_t SoftMaxHeapSize                          = 2147483648                             {manageable} {ergonomic}
     bool UseCompressedOops                        = true                           {product lp64_product} {ergonomic}
     bool UseLargePagesIndividualAllocation        = false                                  {pd product} {ergonomic}
     bool UseParallelGC                            = true                                      {product} {command line}

Logging:
Log output configuration:
 #0: stdout all=off uptime,level,tags foldmultilines=false
 #1: stderr all=off uptime,level,tags foldmultilines=false

Release file:
JAVA_VERSION="21.0.11" 
MODULES="java.base java.compiler java.datatransfer java.xml java.prefs java.desktop java.instrument java.logging java.management java.security.sasl java.naming java.rmi java.management.rmi java.net.http java.scripting java.security.jgss java.transaction.xa java.sql java.sql.rowset java.xml.crypto java.se java.smartcardio jdk.accessibility jdk.internal.jvmstat jdk.attach jdk.charsets jdk.internal.opt jdk.zipfs jdk.compiler jdk.crypto.ec jdk.crypto.cryptoki jdk.crypto.mscapi jdk.dynalink jdk.internal.ed jdk.editpad jdk.hotspot.agent jdk.httpserver jdk.internal.le jdk.internal.vm.ci jdk.internal.vm.compiler jdk.internal.vm.compiler.management jdk.jartool jdk.javadoc jdk.jcmd jdk.management jdk.management.agent jdk.jconsole jdk.jdeps jdk.jdwp.agent jdk.jdi jdk.jfr jdk.jshell jdk.jsobject jdk.jstatd jdk.localedata jdk.management.jfr jdk.naming.dns jdk.naming.rmi jdk.net jdk.nio.mapmode jdk.random jdk.sctp jdk.security.auth jdk.security.jgss jdk.unsupported jdk.unsupported.desktop jdk.xml.dom" 

Environment Variables:
JAVA_HOME=C:\Program Files\Java\jdk-22
PATH=C:\Program Files\Common Files\Oracle\Java\javapath;C:\oraclexe\app\oracle\product\11.2.0\server\bin;C:\Windows\system32;C:\Windows;C:\Windows\System32\Wbem;C:\Windows\System32\WindowsPowerShell\v1.0\;C:\Windows\System32\OpenSSH\;C:\Program Files\Java\jdk-17.0.1\bin;C:\Program Files\dotnet\;C:\php;C:\Program Files\Java\jdk1.8.0_351\bin;C:\Program Files\Java\jdk-22;C:\Program Files\MySQL\MySQL Server 8.0\bin;C:\MinGW\bin;C:\Program Files\Java\jdk-25\bin;C:\Program Files\Git\cmd;C:\Program Files\nodejs\;C:\Program Files\MySQL\MySQL Shell 8.0\bin\;C:\Users\DELL\AppData\Local\Programs\Python\Python37\Scripts\;C:\Users\DELL\AppData\Local\Programs\Python\Python37\;C:\Users\DELL\AppData\Local\Microsoft\WindowsApps;C:\Program Files (x86)\mingw-w64\i686-8.1.0-posix-dwarf-rt_v6-rev0\mingw32\bin;C:\Program Files\Java\jdk-17.0.1\bin;C:\Users\DELL\AppData\Local\Programs\Python\Python38\Scripts;C:\Users\DELL\AppData\Local\Programs\Python\Python38;C:\Users\DELL\AppData\Local\Programs\Microsoft VS Code\bin;C:\Users\DELL\AppData\Local\GitHubDesktop\bin;C:\Program Files\JetBrains\IntelliJ IDEA 2025.3.1\bin;C:\Users\DELL\AppData\Roaming\npm
USERNAME=DELL
OS=Windows_NT
PROCESSOR_IDENTIFIER=Intel64 Family 6 Model 126 Stepping 5, GenuineIntel
TMP=C:\Users\DELL\AppData\Local\Temp
TEMP=C:\Users\DELL\AppData\Local\Temp




Periodic native trim disabled

---------------  S Y S T E M  ---------------

OS:
 Windows 10 , 64 bit Build 19041 (10.0.19041.5915)
OS uptime: 8 days 9:07 hours

CPU: total 4 (initial active 4) (2 cores per cpu, 2 threads per core) family 6 model 126 stepping 5 microcode 0xcc, cx8, cmov, fxsr, ht, mmx, 3dnowpref, sse, sse2, sse3, ssse3, sse4.1, sse4.2, popcnt, lzcnt, tsc, tscinvbit, avx, avx2, aes, erms, clmul, bmi1, bmi2, adx, avx512f, avx512dq, avx512cd, avx512bw, avx512vl, sha, fma, vzeroupper, avx512_vpopcntdq, avx512_vpclmulqdq, avx512_vaes, avx512_vnni, clflush, clflushopt, avx512_vbmi2, avx512_vbmi, rdtscp, rdpid, fsrm, gfni, avx512_bitalg, f16c, pku, avx512_ifma
Processor Information for the first 4 processors :
  Max Mhz: 1190, Current Mhz: 1190, Mhz Limit: 1190

Memory: 4k page, system-wide physical 3862M (110M free)
TotalPageFile size 15638M (AvailPageFile size 0M)
current process WorkingSet (physical memory assigned to process): 117M, peak: 117M
current process commit charge ("private bytes"): 246M, peak: 246M

vm_info: OpenJDK 64-Bit Server VM (21.0.11+10-LTS) for windows-amd64 JRE (21.0.11+10-LTS), built on 2026-04-21T00:00:00Z by "admin" with MS VC++ 17.12 (VS2022)

END.
